id,question
1,"""请问你们家的商品支持7天无理由退换货吗？"",
""需要自己承担运费吗？"""
2,"""我想咨询一下，你们的售后维修服务范围是什么？"",
""如果是人为损坏的，能维修吗？维修费用怎么算？"""
3,"""请问你们的商品能开发票吗？发票类型是什么？"",
""多久能收到呢？"""
4,"""我收到商品后，发现包装破损了，怎么办？"",
""影响商品退换货吗？"""
6,"""我想了解一下你们的退款政策，退款多久能到账？"",
""信用卡会原路返回吗？"""
7,"""我收到的商品和图片不一样，颜色偏差很大，我要投诉！"""
8,"""你们的商品存在虚假宣传，宣传的功能和实际不一样，我要投诉！"""
9,"""我收到的商品少了一件，联系客服说会补发，但是过了一周还没补发！"""
10,"""你们的售后维修服务太差了，我送修的商品，过了半个月还没修好！"""
11,"""你们的商品保质期有问题，我收到的商品还有1个月就过期了！"""
12,"""你们的快递员态度特别差，送货时还辱骂我，我要投诉！"""
13,"""你们的商品存在质量问题，我使用了一次就坏了，联系客服没人管！"""
14,"""我收到的商品被拆封过，里面还有污渍，明显是二手商品，我要投诉！"""
15,"""你们的商品宣传是正品，但是我收到后验证是假货，我要投诉！"""
16,"""我收到商品后，发现商品有轻微划痕，不影响使用，能申请换货吗？"""
17,"""我想换货，但是原来的商品包装盒丢了，还能换吗？"",
""需要我额外支付包装费吗？"""
18,"""我想退货，但是已经超过7天无理由退换货期限了，还能退吗？"""
19,"""请问你们的商品能提供纸质版说明书吗？"",
""电子版在哪里可以找到？"""
20,"""请问你们家的商品能寄到国外吗？"",
""运费怎么算？大概需要多久能到？"""
21,"""我购买的商品，想开发票抬头为公司，需要注意什么？"",
""抬头写错了，能重新开具吗？"""
22,"""我收到商品后，发现商品有瑕疵，但是已经使用过了，能售后吗？"",
""换货还是只能维修？"""
23,"""我想取消订单，但是订单已经付款了，能全额退款吗？"""
24,"""请问你们的商品有售后保障卡吗？"",
""卡丢了，还能享受售后服务吗？"""
25,"""请问你们家支持以旧换新服务吗？"""
26,"""请问你们的智能客服能解答哪些问题？"",
""智能客服解答不了的问题，怎么办？"""
33,"""家支持7天无理由退货吗？"",
""需要满足什么条件？"""
34,"""我购买的商品，收到后发现少发了一件，怎么办？"",
""什么时候能补寄？需要我承担运费吗？"""
35,"""想换成其他款式，能换货吗？"""
36,"""请问商品的生产日期是什么时候？"""
37,"""请问你们的商品能提供上门安装服务吗？"""
38,"""请问你们的商品能提供试用装吗？"""
39,"""我购买的商品，使用一段时间后出现质量问题，还能售后吗？"""
40,"""我想给商品更换成更大的尺寸，能换吗？"",
""尺寸差价怎么处理？"""
41,"""快递丢失了，怎么办？""，
""这种情况你们会怎么赔偿？多久能解决？"""
42,"""我购买的商品，想申请退款，但是已经使用过了，能退吗？"""
43,"""我购买的商品，快递送达时，我不在家，怎么办？"""
44,"""请问你们的优惠券能用于所有商品吗？"""
45,"""请问你们的商品能提供终身维修服务吗？"""
46,"""我上个月购买的家电，使用不到一个月就出现故障，联系售后寄回维修，现在已经维修15天了，还没收到，而且我发现商品是翻新机，并非全新，要求退货退款并赔偿，请问该怎么处理？"""
47,"""我在你们平台批量购买了100件商品用于企业采购，收到货后发现有20件存在质量问题，15件少发，而且发票开错了抬头，需要重新开具，同时想申请质量问题商品的换货和少发商品的补寄，请问流程是什么？"","
48,"""我购买的食品类商品，收到后发现生产日期临近过期，而且包装破损，部分商品受潮无法食用，我要求退货退款并赔偿，同时担心食用了受潮商品影响健康，请问能提供相关保障吗？"""
49,"""我购买的商品包装破损，商品出现损坏，而且快递员拒绝承认是运输问题，同时我已经签收商品，请问还能申请售后吗？"""
50,"""我购买的大家电需要上门安装，但是安装人员上门后说需要额外收取配件费，而且安装服务原本应该是免费的，同时安装人员操作不规范，导致家电出现轻微损坏，请问该怎么处理？"""
51,"""我购买的商品在质保期内出现质量问题，寄回维修后，维修人员说需要更换配件，而且要收取配件费，但是质保期内应该免费维修，同时维修时间已经超过承诺的7天，请问该怎么处理？"","
52,"""我购买的大型设备需要上门检修，但是检修人员上门后说设备故障无法现场修复，需要拉回仓库维修，而且维修时间不确定，同时我担心设备拉回过程中出现损坏，请问该怎么处理？"""
53,"""我想试用商品，但是试用期间商品出现故障，而且不是人为操作导致的，同时我想延长试用期限，请问可以吗？另外故障商品能更换吗？"""
54,"""我购买的商品，收到后发现是临期商品（还有15天过期），但下单时页面未标注临期，而且商品包装上也没有临期提示，我要求退货退款并赔偿，请问可以吗？"""
55,"""我购买的商品，收到后发现商品的颜色和详情页描述的不一致，详情页是深红色，实际收到的是浅红色，而且商品有轻微的异味，想申请换货"""
57,"""我购买的商品，快递寄到后，我拆开包装发现商品损坏，但是快递员已经离开，没有当场验货，请问还能申请售后吗？"""
58,"""我购买的商品，使用时发现商品的功能和详情页描述的不一致，详情页说支持无线充电，实际不支持，而且商品的续航时间也比描述的短很多，要求退货退款并赔偿，请问可以吗？"","
64,"""使用吹风机时，人员需要佩戴哪些防护装备？"""
65,"""操作吹风机时，人员需要注意哪些安全要点？"""
66,"""使用吹风机时，如何调节化油器？"""
67,"""吹风机冷机时，该如何启动？"""
68,"""吹风机热机时，该如何启动？"""
69,"""该如何关闭吹风机？"""
70,"""空调的重要组成部件有哪些？"""
71,"""如何找到空调遥控器的按键？"""
72,"""如何给空调遥控器安装电池？"""
73,"""如何安装空调遥控器支架？"""
74,"""如何用空调快速调节室内温度？"""
75,"""如何使用空调的自清洁运行功能？"""
76,"""如何使用空调的等离子净化功能？"""
77,"""单冷型空调如何开启自动运行模式？"""
78,"""如何使用空调的自动转换运行功能？"""
79,"""如何开启空调的节能制冷模式？"""
80,"""无遥控器时如何操作空调？"""
81,"""如何让空调实现自动重启？"""
82,"""不同型号空调的清洁频率是多少？"""
83,"""如何清洁空调的空气滤网？"""
84,"""如何清洁空调的3M多重防护滤网？"""
85,"""如何清洁空调的等离子滤网？"""
86,"""如何快速组装蒸汽清洁机？"""
87,"""蒸汽清洁机有哪些实用的产品功能？如何快速上手使用？"""
88,"""如何使用蒸汽清洁机清洁硬质地面？"""
89,"""组装人体工学椅涉及哪些部件？"""
90,"""椅子的扶手使用一段时间后为什么会松动？"""
91,"""这款椅子有哪些功能？"""
92,"""洗碗机的部件有哪些？"""
93,"""首次使用时，如何将洗碗机连接到排水口？"""
94,"""使用前如何为洗碗机添加专用盐？"""
95,"""如何为洗碗机添加洗涤剂？"""
96,"""如何为洗碗机添加洗涤块？"""
97,"""如何在洗碗机中添加和使用亮碟剂以获得更好的洗涤效果？"""
98,"""哪些物品不适合在洗碗机中清洗？"""
99,"""如何根据洗碗机型号安装餐具篮？"""
100,"""使用洗碗机前如何安装可折叠下层篮架？"""
101,"""如何调节洗碗机满载时上下碗篮的高度？"""
102,"""如何清洁洗碗机的进水管滤网？"""
103,"""如何清洁洗碗机的上层喷淋臂？"""
104,"""如何拆除空气净化器滤网的塑料包装？"""
105,"""如何安装空气净化器的脚轮？"""
106,"""空气净化器通常有哪些模式？如何设置？这些模式有什么特点？"""
107,"""空气净化器的室内空气质量指示灯是什么？"""
108,"""如何清洁空气净化器的设备内外？"""
109,"""如何清洁空气净化器的滤网？"""
110,"""如何更换空气净化器的滤网？"""
111,"""如何清洁空气净化器的灰尘传感器？"""
112,"""空气净化器需要长期存放时该怎么做？"""
113,"""如何了解这款健身单车的技术规格？"""
114,"""启动健身单车前，我需要做什么？"""
115,"""我听说买的这款健身单车配有控制台和显示功能，能为我介绍一下吗？"""
116,"""在健身单车上运动前，我需要调整什么来保证运动的舒适度？"""
117,"""使用健身单车的轻松骑行类别时，我能体验到哪些预设运动程序？"""
118,"""使用健身单车的山地类别时，我能体验到哪些预设运动程序？"""
119,"""挑战健身单车的最高难度类别时，我能体验到哪些预设运动程序？"""
120,"""如果我想编辑健身单车的用户档案，需要遵循哪些步骤？"""
121,"""我想在使用健身单车时设置心率目标，能否根据我的年龄为我推荐合适的目标心率？"""
122,"""我听说这款健身单车有体能测试程序，这是什么功能？"""
123,"""如果要给电钻充电，需要遵循哪些步骤？"""
124,"""我的DCB101型号电钻指示灯闪烁时，这些闪烁标识代表什么含义？"""
126,"""使用电钻时，如何安装单套无键夹头？"""
127,"""如果要安装和拆卸电钻的电池组，需要遵循什么步骤？"""
128,"""使用电钻的腰带挂钩和批头夹时，需要特别注意什么？"""
129,"""购买电钻后，应配备哪些附件？"""
130,"""电钻的三年有限保修包含哪些内容？"""
131,"""购买健身追踪器后，包装盒里应该有什么？"""
132,"""我刚发现健身追踪器电量低，该如何正确为其充电？"""
133,"""为了让健身追踪器性能更佳，日常佩戴和运动时该将其佩戴在什么位置？"""
134,"""我的健身追踪器表带太紧了，该如何扣紧表带？"""
135,"""我想取下健身追踪器，该如何正确拆卸表带？"""
136,"""我听说可以操作健身追踪器的界面，具体该遵循哪些步骤？"""
137,"""健身追踪器能对手机的通知实现哪些功能？"""
138,"""能告诉我健身追踪器是如何追踪皮肤温度变化的吗？"""
139,"""通过运动应用，健身追踪器是如何追踪并分析我的运动情况的？"""
140,"""健身追踪器是如何测量我的心率的？"""
141,"""我该如何仅使用健身追踪器完成消费支付？"""
142,"""使用健身追踪器时，我可能会遇到哪些问题以及该如何解决？"""
144,"""我想给健身追踪器设置锁屏，该如何实现？"""
145,"""使用冰箱冰柜时需要注意什么？只需告诉我手册中的前五条。"""
146,"""给冰箱连接电源时，需要做到哪些注意事项？只需告诉我手册中的前五条。"""
153,"""考虑到燃油高度易燃且有毒，使用发电机时我需要注意什么？"""
154,"""发电机工作后，发动机和消音器可能会发烫，这种情况下我该如何保证自身安全？"""
155,"""日常使用中，如何防止发电机触电事故的发生？"""
156,"""需要通过发电机的燃油开关旋钮供油时，我该遵循哪些步骤？"""
157,"""使用发电机时，燃油的使用前检查十分重要，该如何操作？"""
158,"""启动发电机发动机的前两个步骤是什么？"""
159,"""我需要给发电机连接交流电，该过程中如何保证自身安全？"""
160,"""我注意到发电机上有两种不同的开关，请为我介绍一下。"""
161,"""我该在哪里查找并记录发电机的标识信息？"""
162,"""使用发电机的直流保护器时，我需要注意什么？"""
163,"""使用发电机前，对发动机机油进行使用前检查十分重要，正确的步骤是什么？"""
164,"""根据手册说明，启动发电机发动机的最后三个步骤是什么？"""
165,"""发电机的电池电量不足了，该如何正确充电？"""
166,"""我需要让发电机的发动机停机，告诉我该如何操作。"""
167,"""根据手册的建议，使用发电机时该如何检查火花塞？"""
168,"""为了正确更换发电机的发动机机油，我需要遵循的前六个步骤是什么？"""
169,"""我在操作发电机空气滤清器时出现了失误，请告诉我正确的步骤。"""
170,"""如果发电机的发动机无法启动，我该怎么办？"""
171,"""我需要将发电机的燃油排空，该如何正确操作？"""
172,"""使用该发电机为对电压敏感的精密设备供电前，我需要做什么？"""
173,"""在划船或钓鱼的场景中，拖曳速度、半滑航速度和滑航速度分别指什么，它们在技巧和应用上有何不同？"""
174,"""如何在深水中登上并平衡摩托艇，确保操作的安全性和稳定性？"""
175,"""在滑航速度下驾驶摩托艇转弯时，有哪些技巧能在急转弯时保证稳定性和操控性？"""
176,"""驾驶摩托艇时，有哪些技巧能在完成大椭圆转弯、绕圈和8字行驶动作的同时，保持操控性和稳定性？"""
177,"""在驾驶摩托艇进行中低速转弯时，如何控制油门并保持行驶的稳定性和操控性？"""
178,"""如何驾驶摩托艇以拖曳速度直行和转弯，保证操作的平顺性和操控性？"""
179,"""摩托艇全加速行驶时，如何安全平稳地将其停稳？"""
180,"""驾驶摩托艇时，如何避免发生碰撞事故，保障自身和水上其他人员的安全？"""
181,"""水泵发动机安全停机的正确步骤是什么？"""
182,"""水泵的核心部件有哪些？"""
183,"""清洗油箱滤网的详细步骤是什么？"""
184,"""水泵安全排放燃油的正确步骤是什么？"""
185,"""水泵无法抽水的潜在原因有哪些，该如何有效诊断并解决这些问题？"""
186,"""如何为温控器设置日期和时间，以实现精准的日程和温度控制？"""
187,"""如何调整温控器的系统和风扇运行设置，以优化供暖和制冷效果？"""
188,"""如何调整温控器的程序日程，以实现高效的能源利用和温度控制？"""
189,"""如何在不影响已编程日程的情况下，临时更改温控器的温度设置？"""
190,"""当设备或系统出现警报界面时，应采取哪些操作？"""
191,"""针对热泵应如何修改接线，以确保连接正确且功能正常？"""
192,"""如何安全更换温控器的电池，确保更换后设备功能正常？"""
193,"""当标签与端子不匹配时，应如何正确为温控器重新接线，确保连接无误？"""
194,"""遇到温控器故障时，可采用哪些故障排除解决方案？"""
195,"""设备或系统中构成处理器单元的关键组件或部件有哪些？"""
196,"""耳机有哪些类型，以及如何更换耳塞？"""
197,"""为保持遮光罩的清晰度和功能性，正确的清洁步骤是什么？"""
198,"""为确保安全且最佳的使用效果，游玩区域的推荐尺寸是多少？"""
199,"""使用和操作VR头显时应采取哪些安全预防措施，以确保用户安全和设备使用寿命？"""
200,"""功能键盘的保修政策通常包含哪些内容，又不包含哪些内容？"""
201,"""功能键盘的保修政策中，损害赔偿的除外责任或免责声明通常是什么？"""
202,"""如何设置功能键盘？"""
203,"""如何拆卸和重新安装功能键盘的轴体？"""
204,"""如何将功能键盘搭配CAM软件使用？"""
205,"""如何在硬件模式下使用功能键盘？"""
206,"""如何安装儿童电动摩托车的挡泥板？"""
207,"""如何安装儿童电动摩托车的前轮？"""
208,"""如何为蓝牙激光鼠标安装电池？"""
209,"""如何为蓝牙激光鼠标安装WIDCOMM蓝牙驱动程序？"""
210,"""如何为蓝牙激光鼠标卸载WIDCOMM蓝牙驱动程序？"""
211,"""如何在Windows系统中为蓝牙激光鼠标设置快速配对？"""
212,"""如何通过WIDCOMM蓝牙驱动程序为蓝牙激光鼠标设置配对？"""
213,"""如何查看蓝牙激光鼠标的电量状态？"""
214,"""如何首次为蓝牙激光鼠标使用该驱动程序？"""
215,"""如何将蓝牙激光鼠标与其他人机接口设备相连接？"""
216,"""如何拆卸烤箱门？"""
217,"""如何安装烤箱门？"""
218,"""如何移动烤箱的顶部加热元件（仅限部分型号）？"""
219,"""如何更换烤箱的后部灯（如有）？"""
220,"""如何使用烤箱的接油盘？"""
221,"""如何清洁烤箱外部？"""
222,"""如何使用烤箱的烤架？"""
223,"""烤箱的催化侧面板有什么作用？"""
224,"""如何使用烤箱的烤盘？"""
225,"""如何使用烤箱的烤架烤盘套装？"""
226,"""如何使用烤箱的油脂过滤器？"""
227,"""如何使用烤箱的滑动搁架？"""
228,"""如何为混合即时相机安装肩带？"""
229,"""如何为混合即时相机装入电池？"""
230,"""如何为混合即时相机装入相纸盒？"""
231,"""如何为混合即时相机取出用完的相纸盒？"""
232,"""如何设置混合即时相机的自动打印模式？"""
233,"""如何设置混合即时相机的手动打印模式（初始设置）？"""
234,"""如何使用混合即时相机拍摄照片？"""
241,"""If this is the first time to use airfryer, What should I do before first use?"""
242,"""How to find the approval label of emission control certificate of the boat?"""
243,"""How do I use the battery conversion feature before sailing?"""
244,"""How the ship steers?"""
245,"""What should I do if face over temperature warning on the boat?"""
246,"""If I want to listen to music on my phone, how do I turn on the sound system?"""
247,"""How do I use the storage compartments if I want to store wet items while on board?"""
248,"""How to open the battery compartment when manipulating the boat?"""
249,"""How to install an anchor light while the boat is moving?"""
250,"""How do I use the jet wash function to clean the boat after using it?"""
251,"""How do I turn on or off the water supply button on my boat?"""
252,"""How to remove the bimini top of the boat?"""
253,"""How do I install a bimini top on my boat if I want to use the canopy?"""
254,"""How to store the bimini top in the upright position of the boat?"""
255,"""When I am sailing, how do I check the engine oil level to ensure continued sailing?"""
256,"""How can I use the bilge pump of the boat?"""
257,"""How to perform anchor light switch check while sailing?"""
258,"""When I want to start the boat, how do I turn on the boat's engine to get the machine started?"""
259,"""How do I turn a boat while sailing?"""
260,"""How to operate the boat cross wakes and swells?"""
261,"""How do I load the boat when the cruise is over?"""
262,"""How to flush the cooling system of the boat?"""
263,"""How to replace the fuse of the boat?"""
264,"""How to check the engine oil level of the boat?"""
265,"""How to use the energy saving mode of a coffee machine?"""
266,"""How to change the default setting of the energy saving mode?"""
267,"""How to program the water valume of a coffee machine?"""
268,"""How should I do if I want to empty the system before not in use, for frost protection or before maintenance?"""
269,"""How should I do if I want to reset to factory settings of the coffee machine?"""
270,"""How should I clean my coffee maker after I use it so that it can last longer?"""
271,"""How to open the swim platform of the boat\uff1f"""
272,"""How to open the livewell and add water on the boat?"""
273,"""What is the maintenance setting screen of the boat controller?"""
274,"""In the boat's steering position, what does the factory reset screen show?"""
275,"""What is the trip screen shown?"""
276,"""When I am ready to sail, if everything is ready, how do I make the boat move forward?"""
277,"""How do I check the boat's steering system when I'm driving it?"""
278,"""How should fire extinguishers be stored on board and where should they be placed?"""
279,"""How to care the throttle-cable of the boat?"""
280,"""How do I charge the camera battery when I'm not using it?"""
281,"""How to install the camera battery when another one is power off?"""
282,"""How do I connect the camera using a household power socket?"""
283,"""How do you mount the lens of a camera when preparing for photography?"""
284,"""How do you install the card into a camera before photography?"""
285,"""Have you ever wondered how to remove the camera shutter button? Understanding this process can enhance your photography experience and allow for quick repairs!"""
286,"""How do I replace the camera's date/time battery?"""
287,"""How to set an off-center subject mode of a camera?"""
288,"""Before taking photos, we need to know How to use the eyepiece cover of the camera?"""
289,"""How do I select the AF Mode when before taking a picture?"""
290,"""How to set the camera model to \""P\"" model?"""
291,"""After or during shooting, how can I view the camera image on TV for better clarity?"""
292,"""How can I delete a single image from my camera if I don't like the photo?"""
293,"""How can I erase all images from my camera if I don't like these."""
294,"""How do I print photos using the camera's CP direct method after taking them?"""
295,"""How do you set up the camera to fine tune the model when using it?"""
296,"""After the earphones is in my hand, what are the components I should have?"""
297,"""If the case battery of earphones is low, how can I charge is?"""
298,"""When bluetooth are pairing and connecting, what scenarios I might encounter?"""
299,"""What are the two main controling functions of earphones?"""
300,"""Besides the two main controling functions, what other functions of the earphones can I operate?"""
301,"""If my earphones won't work, how can I reset them?"""
302,"""What are the maintenance and care policies of the earphones?"""
303,"""From three different observing views, what buttons and interfaces should this eReader have?"""
304,"""What do the functions of Main Menu and Browser History of the eReader can do?"""
305,"""When in eBook mode of this eReader, what will happen after pressing \""M\"" botton?"""
306,"""If I want to listen to music using this eReader, what should I do?"""
307,"""Can this eReader record voice? If so, how do I operate this feature?"""
308,"""I can't find the way to play video using this eReader, can you tell me how to do that?"""
309,"""Can this eReader become a photo viewer? If so, how do I operate this feature?"""
310,"""When using this eReader, what kinds of trobles might I encounter and how to solve them?"""
311,"""When connecting the fax, hwo can I properly finish the procedure?"""
312,"""What should I pay attention to in order to ensure my safety when using this fax?"""
313,"""In order to keep your fingers safe, what should you pay attention to about the fax?"""
314,"""I'm about to move this fax. Is there anything I should pay attention to?"""
315,"""Are caution or warning labels inside the fax important? If not, can I remove them?"""
316,"""If I'm in Canada, is there any statement of the fax vailable in my country?"""
317,"""When using the grill, how to connect regulator to the LP Tank?"""
318,"""To engure my safety when using the grill, how to do leak testing on valves, hose and regulatol?"""
319,"""What should I pay attention to on ablout indirect cooking using the grill?"""
320,"""What are the first three steps in assembly process of the grill according to the manual?"""
321,"""Can you share me some safety tips using the grill?"""
322,"""What are identification numbers of my jetski? I don't understand that."""
323,"""I've heard that my jetski has cruising limitations. Please introduce them."""
324,"""I've heard that my jetski has cruising limitations. Please introduce them."""
325,"""What are the operation requirements if I want to use my jetski?"""
326,"""What kinds of watercraft characteristics does my jetski have?"""
327,"""When encountering vessels driving my jetski, what rules should I obey?"""
328,"""I'd like to remove and install the seat of my jetski, what steps should I follow?"""
329,"""In daily usage, how to open and close the hood of the jetski?"""
330,"""I've noticed that there are two different kinds of filler caps on the jetski. How to remove them?"""
331,"""If I need to manipulate the two kinds of engine switches on the jetski, what should I do?"""
332,"""There are two kinds of levers on the jetski, how to manipulate them?"""
333,"""What information should I obtain about Quick Shift Trim System (QSTS) selector when using my jetski"""
334,"""What do fuel meter and hour meter on my jetski do?"""
344,"""Inspecting fuel filter and fuel tank of my jetski is important. How to do that?"""
345,"""How to adjust the adjustable sponson of my jetski if needed?"""
346,"""The intake and impeller of my jetski are dirty. How to clean them?"""
347,"""How to start my jetski in different situations?"""
348,"""What are basic steps to board my jetski with a passenger in deep water?"""
349,"""If it is difficult to balance the jetski at a stand still, what should I do?"""
350,"""What is the max load of the jetski?"""
351,"""What is the overview of the base station of a landline?"""
352,"""How can you connect the base station of a landline?"""
353,"""How can you install the handset of a landline?"""
354,"""How can you check the battery level of a landline?"""
355,"""What can you do if your landline is in searching status?"""
356,"""How can you know about the current status with different LED indicator behavior on a landline?"""
357,"""How can you know about the current status with different LED indicator behavior on the base station of a landline?"""
358,"""How can you lower the roll bar of a lawn mower?"""
359,"""How can you adjust the rear-shock assemblies for a lawn mower with suspension system only?"""
360,"""How can you adjust the height of cut for a lawn mower with an electric deck lift?"""
361,"""How can you load a lawn mower?"""
362,"""How can you unload a lawn mower?"""
363,"""How can you change the engine oil of a lawn mower?"""
364,"""How can you remove the filters of a lawn mower?"""
365,"""How can you replace the mower belt of a lawn mower?"""
366,"""How can you set up control of a over-the-range microwave?"""
367,"""How can you set the light timer of a over-the-range microwave?"""
368,"""How can you set yout favorite recipe with a over-the-range microwave?"""
369,"""How can you reheat food with a over-the-range microwave?"""
370,"""How can you use auto defrost of a over-the-range microwave?"""
371,"""How can you clean the grease filter of a over-the-range microwave?"""
372,"""How can you replace the charcoal filter of a over-the-range microwave? """
373,"""How can you replace the oven light of a over-the-range microwave? """
374,"""How can you set the PCI Express 3.0 x16 slots of a motherboard?"""
375,"""How can you set the jumpers of a motherboard?"""
376,"""How can you set the rear panel connectors of a motherboard?"""
377,"""How can you set the onboard LED of a motherboard?"""
378,"""How can you update the BIOS file of a motherboard?"""
379,"""How can you create RAID of a motherboard?"""
380,"""How can you use SATA ODD & USB devices to install an operating system for a motherboard?"""
381,"""How can you secure the motherboard to the chassis?"""
382,"""How can you prepare the installation of Central Processing Unit (CPU) for a motherboard?"""
383,"""How do you know about system memory of a motherboard?"""
384,"""How do you know about Serial port connector (10-1 pin COM) of a motherboard?"""
385,"""How do you know about TPM connector (14-1 pin TPM) for a motherboard?"""
386,"""How do you know about Thermal sensor connector (2-pin T_SENSOR) of a motherboard?"""
387,"""How can you set quick release for a multi-use pressure cooker and air fryer?"""
388,"""How can you set pressure cooking lid for a multi-use pressure cooker and air fryer?"""
389,"""How can you set float valve for a multi-use pressure cooker and air fryer?"""
390,"""What do you know about anti-block shield for a multi-use pressure cooker and air fryer?"""
391,"""How can you set steam release valve for a multi-use pressure cooker and air fryer?"""
392,"""How can you set anti-block shield for a multi-use pressure cooker and air fryer?"""
393,"""How can you set silicone cap and float valve for a multi-use pressure cooker and air fryer?"""
394,"""How can you Install the condensation collector for a multi-use pressure cooker and air fryer?"""
395,"""How can you install the sealing ring for a multi-use pressure cooker and air fryer?"""
396,"""How can you remove silicone sealing ring for a multi-use pressure cooker and air fryer?"""
397,"""What do you know about sealing ring of a multi-use pressure cooker and air fryer?"""
398,"""What do you know about steam release valve of a multi-use pressure cooker and air fryer?"""
399,"""What do you know about quick release button of a multi-use pressure cooker and air fryer?"""
400,"""What can you know about natural release(NRorNPR) of a multi-use pressure cooker and air fryer?"""
401,"""What is the robot anatomy of the vacuum?"""
402,"""What are the two primary modes available on a vacuum cleaner that can be used to tailor its performance to meet different home cleaning needs?"""
403,"""What is the proper procedure for emptying the vacuum cleaner's bin?"""
404,"""What is the correct procedure for cleaning the vacuum cleaner filter?"""
405,"""What is the proper procedure for cleaning the full bin sensors on a vacuum cleaner?"""
406,"""What is the correct procedure for cleaning the extractors (brushes or rollers) on a vacuum cleaner?"""
407,"""What is the proper procedure for cleaning the sensors and charging contacts on a vacuum cleaner?"""
408,"""What is the correct procedure for positioning the home base of a vacuum cleaner?"""
409,"""What is the proper procedure for cleaning the front caster wheel of a vacuum cleaner?"""
410,"""What is the correct procedure for cleaning the side brush of a vacuum cleaner?"""
411,"""What is the function of the dual-mode virtual wall barrier on a vacuum cleaner?"""
412,"""What are the troubleshooting steps if the vacuum indicates a problem?"""
413,"""What are the detailed instructions for T-rail mounting of a camera or equipment?"""
414,"""What are the steps to power the camera?"""
415,"""What is the proper way to use the brake lever and brake button?"""
416,"""What are the essential preparation checks to perform before using a snowmobile?"""
417,"""What are the detailed steps to start the engine of a snowmobile?"""
418,"""What is a V-BeltHolder?"""
419,"""What are the steps to adjust the throttle cable on a snowmobile?"""
420,"""What is the proper way to use the steering system on a snowmobile?"""
421,"""What are the correct steps to turn using a snowmobile?"""
422,"""What are the proper techniques for riding uphill on a snowmobile?"""
423,"""What are the proper techniques for riding downhill on a snowmobile?"""
424,"""What are the correct techniques for crossing a slope on a snowmobile?"""
425,"""What are the steps to inspect the spark plug on a snowmobile?"""
426,"""What are the steps to clean a snowmobile?"""
427,"""What are the best methods for memorizing communication channels using a manual program?"""
428,"""What are the common causes and conditions that can lead to poor reception in television or radio signals?"""
429,"""What are the steps to enable and customize captions and on-screen text settings on a television?"""
430,"""What are the steps to properly connect and set up an outdoor antenna for optimal signal reception?"""
431,"""What are the steps to properly connect a DVD player to a television or audio system for optimal performance?"""
432,"""What are the key factors to check when troubleshooting technical issues or malfunctions?"""
433,"""What safety precautions should be followed to ensure safe operation during this process?"""
434,"""How do you adjust the intensity settings on an electric toothbrush to suit your oral care needs?"""
435,"""What are the steps to activate and deactivate the various features on an electric toothbrush for customized usage?"""
436,"""What are the steps to charge an electric toothbrush when it is inside a travel case, and how do you ensure it charges properly?"""
