id,ret
1,您好，我们的商品支持7天无理由退换货，商品签收后7天内均可申请。退换货条件是商品需保持完好，不影响二次销售。关于运费：如果是因为商品质量问题退换货，运费由我方承担；如果是无理由退换货，运费一般由买家承担。请您保留好商品原包装和配件，联系客服提供订单号即可申请。
2,您好，我们的售后维修服务范围包括：产品质量问题导致的故障，如零部件损坏、功能异常等。如果是人为损坏的情况，我们也提供维修服务，但维修费用需要由用户承担，具体费用以检测结果为准。维修流程是：提交维修申请→审核→寄回商品→维修→寄回，一般需要7-15个工作日。请您提供订单号和故障描述，我们会为您安排。
3,您好，我们的商品支持开具发票。发票类型包括电子普通发票和增值税专用发票。电子发票一般在订单完成后1-3个工作日内开具，会发送到您预留的邮箱。如需增值税专用发票，请提供公司名称、纳税人识别号、地址、电话、开户行及账号等信息。
4,您好，收到商品后发现包装破损，请您在签收后48小时内联系我们，并拍照留存包装及商品破损情况。包装破损不影响您申请退换货，只要商品本身完好即可正常退换。如果商品因包装破损导致损坏，运费由我方承担，我们会为您优先安排换货或退款。
6,您好，我们的退款政策是：退款通常原路返回至您的支付账户。信用卡支付的订单，退款会原路返回至您的信用卡账户。到账时间根据支付方式有所不同：支付宝/微信一般1-3个工作日，银行卡/信用卡一般3-7个工作日。请您提交退款申请后耐心等待，如超时未到账请联系客服。
7,您好，非常抱歉给您带来不好的体验。收到商品颜色与图片偏差较大，属于商品与描述不符的问题。请您提供订单号和商品实拍照片，我们将核实比对。经核实如确实存在色差问题，您可以选择退货退款（运费由我方承担）或换货。我们会在24小时内给您处理方案。
8,您好，非常抱歉给您带来不好的体验。商品宣传功能与实际不符，属于虚假宣传问题，我们非常重视。请您提供订单号、商品详情页截图和实际使用情况的对比证据。经核实确实存在虚假宣传，您可以申请退货退款（运费由我方承担），并根据情况获得相应赔偿。我们会在24小时内给您处理方案。
9,您好，非常抱歉给您带来不便。补发超过一周未收到，我们会立即帮您核实补发物流进度。请您提供订单号，我们优先为您催促或重新安排补发，确保您尽快收到商品。如补发商品仍无法按时送达，您也可以选择申请退款。
10,您好，非常抱歉给您带来困扰。维修超过承诺时间确实不合理。我们会立即帮您核实维修进度，催促加快处理。如果维修时间超过承诺期限（一般7-15个工作日），您可以选择：(1)继续等待维修完成；(2)申请换货；(3)申请退货退款。请您提供维修单号，我们会尽快给您回复。
11,您好，收到临近过期的商品，我们非常抱歉。如果商品在保质期内但临近过期，且下单时页面未标注临期，您可以申请退货退款，运费由我方承担。请您提供订单号和商品保质期照片，我们会尽快核实处理。
12,您好，非常抱歉您遇到这种情况，快递员的行为严重违反服务规范。请您提供订单号、快递员信息和相关证据（如录音、聊天记录），我们会立即联系快递公司进行调查处理。同时，我们会为您安排专人跟进此投诉，确保快递公司给出明确处理结果。
13,您好，非常抱歉给您带来困扰。商品使用一次就损坏属于严重质量问题，我们会立即为您处理。1. 退换货：质保期内因质量问题导致的损坏，您可以选择换货或退货退款，运费由我方承担。2. 客服未响应：我们会安排专人跟进您的售后请求，确保您的问题得到及时解决。请您提供订单号和商品故障照片，我们会在24小时内给出处理方案。
14,您好，非常抱歉给您带来如此不好的体验。收到拆封且有污渍的商品，这种情况绝对不应该发生。请您提供订单号和商品照片（含包装和污渍照片），我们将立即核实。经核实后，我们会为您安排退货退款（运费由我方承担）并根据情况提供相应赔偿。
15,您好，我们非常重视您反映的问题。如您收到的商品经验证为假货，这属于严重违规行为。请您提供订单号、验证截图或鉴定报告等证据，我们将立即启动调查。经核实确为假货，我们将为您办理退货退款（运费由我方承担）并提供相应赔偿。
16,您好，商品有轻微划痕不影响使用的情况，您仍然可以在签收后7天内申请换货。换货流程：提交换货申请→审核通过→寄回原商品→我方发出新商品。因商品存在划痕属于瑕疵问题，运费由我方承担。请您拍照留存划痕情况并提供订单号。
17,您好，商品包装盒丢失一般不影响换货申请。只要商品本身完好、不影响二次销售，在签收后7天内仍可申请换货。不需要额外支付包装费，如因质量问题换货，运费由我方承担。请您提供订单号和换货原因，我们为您安排。
18,您好，超过7天无理由退换货期限后，一般情况下不支持无理由退货。但如果商品存在质量问题，在质保期内仍可申请售后退换货。您可以描述一下退货原因，如果是商品质量问题，我们会为您特殊处理。
19,您好，关于说明书的提供方式：1. 纸质版说明书：大部分商品随包装附带纸质说明书，具体以商品实际包含为准。2. 电子版说明书：您可以在商品详情页或品牌官网查找电子版说明书下载。如果您需要某个商品的说明书，请提供商品名称和型号，我们帮您查找。
20,您好，关于国际配送，我们支持部分国家和地区的发货。国际运费根据目的地、商品重量和体积计算，具体费用以下单页面显示为准。国际配送时效一般为7-20个工作日，偏远地区可能更长。请您提供收货地址，我们帮您确认是否可以送达以及具体运费。
21,您好，关于公司发票开具：1. 开具公司发票需要注意：请准确提供公司全称、纳税人识别号、地址、电话、开户行及账号等信息。2. 抬头写错了可以重新开具：请联系客服提供正确信息，我们会在3个工作日内重新开具。增值税专用发票一般在订单完成后3-5个工作日内开具。
22,您好，已使用过的商品发现瑕疵，仍可申请售后。具体处理方式取决于瑕疵类型和使用情况：1. 如果是产品本身的质量瑕疵，质保期内可以申请换货或免费维修。2. 如果是使用过程中造成的损坏，一般只能申请维修，维修费用以检测结果为准。请您提供订单号和瑕疵照片，我们会为您判断最合适的处理方案。
23,您好，已付款订单可以申请取消退款。如果订单尚未发货，可以直接取消并获得全额退款。如果订单已发货，建议您在收到商品后申请7天无理由退货退款。退款会原路返回至您的支付账户，一般1-7个工作日到账。
24,您好，部分商品附带售后保障卡。如果保障卡丢失，一般情况下凭购买凭证（订单记录、发票等）仍可享受售后服务。请您提供订单号，我们帮您核实售后保障信息。
25,您好，关于以旧换新服务，目前部分商品品类支持以旧换新。具体能否参与以旧换新，取决于商品类型和品牌政策。请您告知想要以旧换新的商品名称和型号，我们帮您查询是否支持以及具体优惠政策。
26,您好，我们的智能客服可以解答以下类型的问题：1. 产品使用说明：如何操作、安装、维护各类产品。2. 产品功能介绍：产品参数、功能特性等。3. 售后服务咨询：退换货、维修、物流等常见售后问题。4. 故障排查：根据产品说明书提供故障诊断建议。如果智能客服无法解答您的问题，您可以转接人工客服或拨打客服热线获取更专业的帮助。
33,您好，我们支持7天无理由退货。需要满足以下条件：1. 在签收后7天内提出申请。2. 商品保持完好，不影响二次销售。3. 商品包装、标签、配件等齐全。4. 特殊品类（如食品、贴身衣物等）可能不支持无理由退货。如商品存在质量问题，运费由我方承担。
34,您好，收到商品后发现少发了一件，我们非常抱歉。1. 请您提供订单号和实际收到的商品清单，我们核实后会立即安排补寄。2. 补寄一般在核实后1-2个工作日内发出，3-5天送达。3. 少发属于我方问题，补寄运费由我方承担，您无需支付任何费用。
35,您好，签收后7天内可以申请换成其他款式。换货条件是商品需保持完好，不影响二次销售。如因个人原因换货，运费由买家承担；如因质量问题换货，运费由我方承担。请您提供订单号和想要更换的款式。
36,您好，商品的生产日期通常标注在产品包装或商品本体上，具体位置因商品品类而异。常见标注位置：包装盒底部/侧面、商品标签、说明书首页等。如果您无法找到生产日期标注，请提供商品名称和型号，我们帮您查询。
37,您好，部分大件商品支持免费上门安装服务。安装一般在签收后3-5个工作日内上门，具体时间会提前与您预约。安装过程中如需额外配件，安装人员会提前告知费用。如安装人员操作不规范导致商品损坏，请及时联系我们，我们会负责处理。请您提供商品名称和收货地址，我们帮您确认是否支持上门安装。
38,您好，关于试用装的提供，目前需要根据具体商品品类和品牌政策来确定。部分商品可能提供试用服务或小规格体验装，具体请咨询对应商品的客服。如果您对商品不满意，我们支持7天无理由退换货。
39,您好，使用一段时间后出现质量问题，在质保期内仍可申请售后。质保期内因产品质量问题导致的故障，可享受免费维修或更换。请您提供订单号、商品型号和故障描述（最好附上故障照片或视频），我们会为您安排售后处理。
40,您好，签收后7天内可以申请更换为更大尺寸的商品。关于尺寸差价：如果更大尺寸的商品价格更高，需要补齐差价；如果价格相同，则无需额外付费。换货条件是原商品需保持完好，不影响二次销售。请您提供订单号和需要更换的尺寸信息。
41,您好，快递丢失的情况我们会为您优先处理。我们会立即联系快递公司核实物流情况，确认是否确实丢失。经核实确认丢失后，我们会为您安排重新发货或全额退款，赔偿流程一般3-5个工作日完成。请您提供订单号，我们马上帮您处理。
42,您好，已使用过的商品一般不支持7天无理由退货。但如果商品存在质量问题（如使用后出现故障、与描述不符等），仍可在质保期内申请售后退换。请您描述具体情况和退款原因，我们会根据情况为您处理。
43,您好，如果快递送达时您不在家，有以下处理方式：1. 联系快递员协商二次配送时间。2. 让快递员放到指定代收点或快递柜。3. 如已被签收但您未收到，请联系我们提供订单号，我们帮您核实。请注意签收后请尽快验货，如有问题请在48小时内联系我们。
44,您好，优惠券的使用范围取决于优惠券类型和活动规则。一般来说，平台通用优惠券可用于大部分商品；部分品类专享优惠券仅限特定品类使用。具体使用限制请查看优惠券详情页或下单时的提示说明。如有使用问题，请提供优惠券信息，我们帮您确认。
45,您好，关于终身维修服务，具体是否提供取决于商品品牌和品类。大部分商品提供有期限的质保服务，质保期内免费维修。质保期外也可申请付费维修，费用以检测结果为准。请您提供商品名称和型号，我们帮您查询具体的保修政策。
46,您好，针对您反映的情况，维修超过15天且发现是翻新机，这个问题我们非常重视。1. 维修超时问题：维修超过承诺时限，您有权申请退货退款。2. 翻新机问题：如果商品宣传为全新但实际为翻新，属于商品描述不符，可以依据消费者权益保护法要求退货退款并赔偿。请您提供订单号、维修单号及翻新机的证据照片，我们将立即启动调查并在24小时内给出处理方案。
47,您好，感谢您反映的问题，涉及批量采购的多个售后事项，我们逐一为您说明处理流程：1. 质量问题商品换货：请提供有质量问题的20件商品照片和清单，我们审核后安排换货，运费由我方承担。2. 少发商品补寄：请提供订单明细和实收清单，核实后我们会优先安排补寄15件少发商品。3. 发票重新开具：请提供正确的公司信息（名称、税号、地址等），我们会重新开具发票。请您提供订单号和上述材料，我们会安排专人跟进处理。
48,您好，非常抱歉给您带来困扰。您的情况涉及多个问题，我们逐一说明：1. 退货退款：食品临近过期且包装破损，完全支持退货退款，运费由我方承担。2. 赔偿：如下单时页面未标注临期且包装破损导致商品损坏，我们会根据情况提供合理赔偿。3. 健康保障：如您已食用受潮商品感到不适，建议立即就医并保留医疗凭证，我们会协助处理相关医疗费用。请您提供订单号、商品照片和相关凭证，我们会立即启动处理。
49,您好，非常抱歉您遇到这种情况。即使已经签收，您仍然可以申请售后：1. 请立即拍照留存包装破损和商品损坏的证据。2. 联系我们提供订单号和照片，我们会帮您协调快递公司和卖家。3. 如确认是运输导致的损坏，运费和赔偿由快递公司或我方承担。签收后发现问题，建议在48小时内联系我们，以便更好地维护您的权益。
50,您好，针对您的情况，我们处理如下：1. 额外配件费：安装服务如果是免费的，安装人员不应擅自收取额外费用。我们会核实情况并退还不合理收费。2. 安装损坏：安装人员操作不规范导致家电损坏，属于我方责任，我们会安排维修或更换，费用由我方承担。请您提供订单号、安装工单号和损坏照片，我们立即安排处理。
51,您好，针对您反映的两个问题：1. 配件费：质保期内因质量问题需要更换配件，应该免费。如被要求收取配件费，请保留相关凭证，我们会核实并退还。2. 维修超时：维修超过承诺的7天，我们会催促加快处理，并为延迟给您适当补偿。请您提供维修单号和相关凭证，我们会立即跟进。
52,您好，针对大型设备维修需要拉回仓库的情况：1. 运输保障：设备拉回过程中如发生损坏，由维修方全额承担赔偿。2. 维修时间：我们会要求维修方提供明确的维修时间预估，并持续跟进进度。3. 建议您在设备拉走前拍照记录设备当前状态，作为后续维权的证据。请您提供订单号和设备信息，我们帮您协调安排。
53,您好，关于您的情况：1. 试用期间非人为故障：属于产品质量问题，可以申请更换新品，运费由我方承担。2. 延长试用期：具体能否延长取决于商品政策，我们会帮您向商家申请。请您提供订单号和故障描述（附照片或视频更好），我们会为您处理。
54,您好，下单时页面未标注临期且商品包装上也无临期提示，属于商品信息不完整的问题。根据消费者权益保护法，您有权要求退货退款，运费由我方承担。关于赔偿部分，我们会根据具体情况评估并给出合理方案。请您提供订单号和商品保质期照片，我们会尽快处理。
55,您好，商品颜色与描述不符且有异味，我们非常抱歉。颜色不符属于商品与描述不一致，您可以申请换货或退货退款，运费由我方承担。异味问题可能涉及商品质量安全，建议暂停使用，我们会安排质量检测。请您提供订单号、商品实拍照片和详情页截图，我们会优先处理。
57,您好，快递员离开后发现商品损坏，您仍然可以申请售后。1. 请立即拍照留存商品损坏和包装的证据。2. 在签收后48小时内联系我们，提供订单号和照片。3. 我们会帮您协调快递公司核实，如确认是运输损坏，运费和赔偿由快递公司或我方承担。建议以后收快递时尽量当面验货，但即使未当场验货也不影响您的售后权益。
58,您好，商品功能与描述不符属于严重的商品信息不实问题。1. 无线充电功能缺失：如详情页明确标注支持无线充电但实际不支持，属于虚假宣传，您可以要求退货退款。2. 续航时间缩水：如实际续航明显低于描述，同样属于商品与描述不符。3. 赔偿：根据消费者权益保护法，虚假宣传情况下消费者有权获得赔偿。请您提供订单号、详情页截图和实际使用情况的证据，我们会在24小时内给出退款和赔偿方案。
64,"""所有接触吹风机的人员必须佩戴合格的听力防护装备和合格的眼部防护装备。 在多尘环境中操作时，需额外佩戴面罩。 操作时应穿防滑鞋底的工作靴或工作鞋。 现场应配备急救箱。 使用前请仔细阅读并理解使用说明书中的安全章节。 操作前检查集尘袋完好且拉链闭合（吸尘作业）；检修盖未关闭、损坏或无法闭合时严禁启动（安装吸尘管除外）。 启动前务必检查集尘袋完好且拉链闭合，严禁使用破损集尘袋，避免杂物飞溅伤人。 操作时需小心，尤其是左手操作时，避免身体直接接触排气口区域。 严禁将吹风机喷口对准人或动物；严禁向墙壁、巨石、车辆、围栏等固定物体吹扫；严禁将吹风机喷口对准娇嫩植物。 操作时需小心，尤其是左手操作时，避免身体直接接触排气口区域。 站在梯子或支架上时严禁操作吹风机。 操作吹风机前，按图示将肩带挎在肩上，固定设备。 若吹风机上的任何警示标识出现破损或磨损，应尽快订购新标识并安装。 所有接触本吹风机的人员均必须阅读并理解说明书中涉及安全的章节。 若吹风机上的任何警示标识出现破损或磨损，应尽快订购新标识并安装。 检修盖未关闭、损坏或无法闭合时，严禁启动吹风机（安装吸尘管时除外）。 严禁将吹风机喷口对准人或动物；高速气流可能夹带颗粒物，尤其吹风机曾用于吸尘作业时，易造成严重伤害。 操作时需小心，尤其是左手操作时，避免身体直接接触排气口区域。 站在梯子或支架上时严禁操作吹风机。 若吹风机上的任何警示标识出现破损或磨损，应尽快订购新标识并安装。 操作前请仔细阅读并理解使用说明书中的安全章节。 操作前务必检查集尘袋完好且拉链闭合（吸尘作业）；检修盖未关闭、损坏或无法闭合时严禁启动（安装吸尘管除外）。 严禁将吹风机喷口对准人或动物；严禁向墙壁、巨石、车辆、围栏等固定物体吹扫；严禁将吹风机喷口对准娇嫩植物。 操作时需小心，尤其是左手操作时，避免身体直接接触排气口区域。 站在梯子或支架上时严禁操作吹风机。 操作吹风机前，按图示将肩带挎在肩上，固定设备。 若吹风机上的任何警示标识出现破损或磨损，应尽快订购新标识并安装。 所有接触本吹风机的人员均必须阅读并理解说明书中涉及安全的章节<PIC><PIC><PIC><PIC><PIC><PIC><PIC><PIC><PIC><PIC><PIC>。"";[""Manual04_3"", ""Manual04_1"", ""Manual04_2"", ""Manual04_38"", ""Manual04_39"", ""Manual04_40"", ""Manual04_41"", ""Manual04_32"", ""Manual04_33"", ""Manual04_34"", ""Manual04_35""]"
65,操作吹风机时，人员需严格遵守时段、防护、操作规范及环境安全等要点，防止人身伤害与设备损坏。 合理时段操作：仅在合理时段使用，避免清晨或深夜扰民；通常建议周一至周六上午 9:00 至下午 5:00。 最低油门档位：以完成作业所需的最低油门档位操作，减少噪音与热量。 作业前检查：检查消音器、进气口及空气滤清器状态，确保无堵塞或损坏。 清理杂物：作业前用耙子或扫帚松动地面杂物；作业后清理杂物并投入垃圾桶。 人员防护：穿着紧身衣物，束起长发，避免佩戴围巾或项链，防止旋转部件卷入。 禁止饮酒、服药或疲劳操作：确保精神状态良好。 禁止未成年人操作：未成年人不得从事吹风机作业。 安全距离：保持 10 米范围内无无关人员及动物，防止高速喷射物体反弹伤人。 严禁对准人或动物：避免喷口直接指向人员或动物。 防护装置检查：任何防护装置缺失时严禁操作。 通风要求：严禁在通风不良空间操作，防止吸入废气。 发动机状态：加油前必须关闭发动机；运行中、停机后及怠速状态下催化消音器异常滚烫，注意火灾危险。 操作姿势：小心操作，尤其是左手操作时，避免身体直接接触排气口区域。 登高作业：站在梯子或支架上时严禁操作吹风机。 多尘环境：若有水可用软管轻微喷洒作业区域或使用喷雾附件；优先使用吹风机而非软管以节约用水。 安全吹扫：留意儿童、宠物、敞开的窗户及刚清洗的车辆，安全吹扫杂物。 使用喷管：使用全长喷管延伸件，使气流贴近地面作业。 严格遵守当地法规规定的操作时段。 严禁在易燃材料附近或存在易燃气体环境中操作，防止火灾。 操作时注意防止物体反弹击中操作人员。 若发现消音器、进气口或滤清器异常，应立即停止使用并检查。 严禁在通风不良空间或防护装置缺失时操作。 严禁酒后、服药后或疲劳状态下操作。 严禁未成年人操作。 严禁无关人员及动物进入 10 米作业范围。 严禁将喷口对准人或动物。 严禁在梯子或支架上操作。 严禁在加油前未关闭发动机时操作。 严禁在运行中、停机后或怠速状态下接触高温消音器。 严禁在通风不良空间操作。 严禁在防护装置缺失时操作。 严禁在清晨或深夜扰民时段使用。 严禁在合理时段外使用。 严禁在合理时段内违规使用。 严禁在合理时段内未清理杂物即离开。 严禁在合理时段内未检查设备状态即操作。 严禁在合理时段内未清理杂物即投入垃圾桶。 严禁在合理时段内未清理杂物即离开作业区域。 严禁在合理时段内未清理杂物即投入垃圾桶。 严禁在合理时段内未清理杂物即投入垃圾桶。 严禁在合理时段内未清理杂物即投入垃圾桶。 严禁在合理时段内未清理杂物即投入垃圾桶。 严禁在合理时段内未清理杂物即投入垃圾桶。 严禁在合理时段内未清理杂物即投入垃圾桶。 严禁在合理时段内未清理杂物即投入垃圾桶。 严禁在合理时段内未清理杂物即投入垃圾桶。 严禁在合理时段内未清理杂物即投入垃圾桶。 严禁在合理时段内未清理杂物即投入垃圾桶。 严禁在合理时段内未清理杂物即投入垃圾桶。 严禁在合理时段内未清理杂物即投入垃圾桶。 严禁在合理时段内未清理杂物即投入垃圾桶。 严禁在合理时段内未清理杂物即投入垃圾桶。 严禁在合理时段内未清理杂物即投入垃圾桶。 严禁在合理时段内未清理杂物即投入垃圾桶。 严禁在合理时段内未清理杂物即投入垃圾桶。 严禁在合理时段内未清理杂物即投入垃圾桶。 严禁在合理时段内未清理杂物即投入垃圾桶。 严禁在合理时段内未清理杂物即投入垃圾桶。 严禁在合理时段内未清理杂物即投入垃圾桶。 -。
66,"""资料仅说明化油器出厂时已精密预设，并指出因气候、海拔、汽油及二冲程机油类型差异可能需要额外调节，但未提供具体的调节步骤、参数或操作说明。 资料未提供化油器的调节方法、步骤或所需工具。 资料未提供化油器调节后的参数设置或验证方法。 资料未提供化油器调节后的注意事项或风险提示。 化油器调节涉及发动机性能与安全，若不确定如何调节，请勿自行操作，应联系专业维修机构。 若需自行调节，请严格参照产品官方使用说明书（如 225B 使用说明书）中的相关章节，并确认当地法规与设备要求<PIC><PIC><PIC><PIC>。"";[""Manual04_1"", ""Manual04_2"", ""Manual04_3"", ""Manual04_42""]"
67,"""冷机启动时发动机可能未预热，请确保操作安全。 启动前请确认发动机处于冷机状态，并遵守相关安全规定（如禁止无关人员进入、关闭发动机加油前等）<PIC><PIC><PIC>。"";[""Manual04_1"", ""Manual04_2"", ""Manual04_5""]"
68,"""热机启动步骤：按第 13 页启动吹风机，怠速与半油门交替运转 1-2 分钟预热；随后将 H 螺钉逆时针旋 1/8 圈（若限位限制则小于 1/8 圈），使发动机达到最大转速。 启动前请确保已阅读并理解安全说明（所有接触人员必须阅读说明书安全章节）。 启动时注意：禁止无关人员及动物进入作业区域（距操作人员 10 米范围内）；严禁将喷口对准人或动物；加油前必须关闭发动机；吹风机运行中、停机后及怠速状态下催化消音器异常滚烫，注意火灾危险。 若警示标识破损或磨损，应尽快订购新标识安装。 操作时需小心，尤其是左手操作时，避免身体直接接触排气口区域。 任何防护装置缺失时严禁操作吹风机。 严禁在通风不良的空间操作吹风机，避免吸入废气。 若发动机达到最大转速后仍无法继续加速，请检查 H 螺钉是否已正确旋至规定位置<PIC><PIC><PIC>。"";[""Manual04_1"", ""Manual04_2"", ""Manual04_5""]"
69,"""必须关闭发动机后才能关闭吹风机。 若为 225B 系列，需先关闭发动机，再按步骤操作停机开关。 通用步骤： 1) 关闭发动机（如适用）； 2) 按下停机开关； 3) 确认吹风机完全停止工作。 225B 系列具体步骤： 1) 关闭发动机； 2) 按下停机开关； 3) 确认吹风机完全停止工作。 - - 任何防护装置缺失时严禁操作吹风机。 - 严禁将吹风机喷口对准人或动物。 - 严禁在通风不良的空间操作吹风机。 - 吹风机运行中、停机后及怠速状态下，催化消音器均异常滚烫，注意火灾危险。 - 操作时需小心，尤其是左手操作时，避免身体直接接触排气口区域。 - 加油前必须关闭发动机。 - 若警示标识破损或磨损，应尽快订购新标识并安装。 - 所有接触本吹风机的人员均必须阅读并理解说明书中涉及安全的章节<PIC><PIC><PIC><PIC>。"";[""Manual04_5"", ""Manual04_1"", ""Manual04_2"", ""Manual04_3""]"
70,"""请勿让冷风/热风吹向人、动物或植物； 切勿堵塞进风口或出风口； 清洁时勿使用强力清洁剂、溶剂或直接喷水； 拆卸滤网时勿触摸金属部件； 切勿在空调上放置物品； 滤网每两周清洁一次； 切勿在空调上放置物品； 切勿将手伸入进风口或出风口； 切勿饮用空调排出的水； 高处清洁/保养/维修时请使用稳固的凳子或梯子； 给遥控器装电池时勿混用不同型号或新旧电池； 切勿对电池充电或拆解电池； 若电池漏液，立即停止使用并冲洗； 若误食电池漏液，立即漱口并就医<PIC>。"";[""Manual01_0""]"
71,"""若遥控器无附加功能按键，可尝试通过室内机“开/关键”操作或查看说明书。 若遥控器无遥控器支架，建议安装支架以保护遥控器。 若遥控器无法使用，可尝试无线遥控器功能<PIC><PIC><PIC><PIC><PIC><PIC>。"";[""Manual01_22"", ""Manual01_23"", ""Manual01_24"", ""Manual01_4"", ""Manual01_5"", ""air_conditioner_01""]"
72,"""适用电池型号：7 号电池。 操作步骤：取下电池盖 → 装入新电池（确保正负极安装正确）→ 重新装上电池盖。 1. 取下电池盖。 2. 装入新电池，确保电池正、负极安装正确。 3. 重新装上电池盖。 使用符合空调额定参数的标准断路器和保险丝，否则可能导致触电或产品故障。 安装或移机时，请联系授权服务中心，否则可能导致严重受伤或产品故障。 切勿将空调安装在不稳固的表面或有坠落风险的位置，否则可能导致死亡、严重受伤或产品故障。 拆包或安装空调时需小心操作，否则可能导致严重受伤或产品故障。 切勿改装或延长电源线，若电源线出现刮擦、脱皮或老化现象，必须及时更换，否则可能引发火灾或触电<PIC><PIC><PIC><PIC>。"";[""Manual01_2"", ""Manual01_3"", ""Manual01_4"", ""Manual01_5""]"
73,"""支架安装需选择无阳光直射位置，并拧紧两颗螺丝固定。 安装电池时需使用 7 号电池，并确保正负极安装正确。 安装空调时请遵循安全规范，如使用合格断路器/保险丝、使用带接地端子的电源插头、保持水平、避免安装在易受海风侵袭或无稳固支撑的位置等<PIC><PIC><PIC><PIC>。"";[""Manual01_4"", ""Manual01_5"", ""Manual01_2"", ""Manual01_3""]"
74,"""使用“快速调节室内温度”功能可在夏季以18℃强风出风30分钟快速冷却，或在冬季以30℃强风出风30分钟快速升温。 1. 按下开/关键开启电源。 2. 按下“极速”键（或“快速调节室内温度”键），进入快速调节模式。 3. 在夏季选择“极速制冷”，在冬季选择“极速制热”。 4. 等待30分钟，空调将以指定温度强风出风。 该功能仅用于快速调节，非日常节能模式；使用后建议切换至日常模式。 若空调未支持“快速调节室内温度”功能，请查看说明书确认是否有对应按键或菜单项。 操作前请确保空调电源已接通，且环境无严重堵塞或异常<PIC><PIC><PIC>。"";[""Manual01_16"", ""Manual01_10"", ""Manual01_9""]"
75,"""按下自清洁键，显示屏上会显示自清洁标识。 若关闭电源，风扇将继续运行 30 分钟，对室内机内部进行清洁。 按下自清洁键，显示屏上会显示自清洁标识。 若关闭电源，风扇将继续运行 30 分钟，对室内机内部进行清洁。 自清洁功能仅适用于制冷和除湿运行时。 若关闭电源，风扇将继续运行 30 分钟，对室内机内部进行清洁<PIC><PIC><PIC><PIC><PIC>。"";[""Manual01_17"", ""Manual01_29"", ""Manual01_30"", ""Manual01_31"", ""Manual01_32""]"
76,"""1. 无需开启空调，直接按下等离子键即可使用该功能。 2. 等离子净化运行时，等离子灯和制冷灯将同时亮起。 1. 按下开/关键开启电源。 2. 按下等离子键，显示屏上会显示等离子标识。 3. 部分机型不支持此功能。 1. 清洁等离子滤网时，若污垢较难清理，可用温水冲洗。 2. 部分机型不支持等离子净化功能<PIC><PIC>。"";[""Manual01_18"", ""Manual01_32""]"
77,"""根据 1. 按下开 / 关键开启电源。 2. 反复按下模式键，选择自动运行模式。 3. 若当前温度高于或低于所需温度，按下上升 / 下降键选择所需的运行代码。 在单冷型机型中，风扇转速和温度会根据室内温度自动调节。 模式键用于选择自动运行模式，并可在温度偏差较大时通过上升/下降键设定目标温度。 操作需遵循“先开电源，再按模式键，最后按温度键”的顺序。 若遥控器无法使用，可打开前盖板操作，但单冷型默认温度将设为 22 摄氏度（71.6 华氏度）<PIC><PIC><PIC><PIC><PIC>。"";[""Manual01_19"", ""Manual01_20"", ""Manual01_22"", ""Manual01_23"", ""Manual01_24""]"
78,"""该功能会自动切换运行模式，将设定温度的波动控制在 2 摄氏度以内。 需先按下开/关键开启电源，再反复按模式键选择“自动转换运行模式”，显示屏上会显示对应标识。 设置温度范围为 18°C（64°F）至 30°C（86°F）。 选择风扇转速后，即可使用。 1. 按下开/关键开启电源。 2. 反复按下模式键，选择“自动转换运行模式”，显示屏上会显示对应标识。 3. 按下上升/下降键设置所需温度，温度调节范围为 18°C（64°F）-30°C（86°F）。 4. 反复按下风速键选择风扇转速。 5. 设置完成后，空调将自动切换运行模式并控制温度波动在 2 摄氏度以内。 需确认当前空调支持“自动转换运行”功能（不同机型功能可能有所调整）。 若需关闭该功能，可按住开/关键 6 秒钟，设备会发出两声蜂鸣，指示灯闪烁 6 次；如需重新开启，再次按住开/关键 6 秒钟即可<PIC><PIC><PIC>。"";[""Manual01_20"", ""Manual01_25"", ""Manual01_26""]"
79,"""进入节能制冷模式，请按步骤操作：先开启电源，反复按模式键选择制冷，再按节能键使显示屏显示节能标识。 1. 按下开 / 关键开启电源。 2. 反复按下模式键，选择制冷模式，显示屏上会显示雪花图标。 3. 按下节能键，显示屏上会显示节能标识。 开启空调时，用百叶窗或窗帘遮挡阳光，并将门窗紧闭。 上下或左右调节出风方向，实现室内空气循环。 短时间内想要快速制冷或制热，可调高风扇转速。 每两周清洁一次空气滤网，避免灰尘杂质堵塞风道削弱制冷/除湿效果。 长时间使用空调会导致室内空气质量下降，需定期开窗通风<PIC><PIC><PIC>。"";[""Manual01_21"", ""Manual01_7"", ""Manual01_10""]"
80,"""当空调无遥控器时，可通过室内机面板进行手动操作，风扇转速默认设为高速。 1. 打开前盖板，轻轻掀起盖板两侧即可。 2. 按下开/关键。 - 功能会根据机型有所调整： - 冷暖型机型：运行模式会根据室内温度自动切换。 - 单冷型机型：温度将默认设为 22 摄氏度（71.6 华氏度）。 操作前请确认机型支持手动模式及面板按键布局。 若面板按键无响应，建议联系售后确认具体机型支持情况<PIC><PIC><PIC><PIC><PIC><PIC>。"";[""Manual01_22"", ""Manual01_23"", ""Manual01_24"", ""Manual01_4"", ""Manual01_5"", ""air_conditioner_01""]"
81,"""请查阅产品说明书或联系厂家获取该功能的详细启用与恢复方法<PIC><PIC><PIC>。"";[""Manual01_25"", ""Manual01_26"", ""Manual01_20""]"
82,"""不同型号空调的清洁频率建议为每两周清洁一次空气滤网，必要时可增加清洁频率。 关闭电源并拔下电源线。 打开前盖板，轻轻掀起盖板两侧即可。 握住空气滤网的把手，轻轻向上提起，将其从机身中取出。 用吸尘器清理滤网，或用温水冲洗；若滤网污垢较难清理，可在温水中加入洗涤剂清洗。 将滤网置于阴凉处晾干。 清洁后务必牢固安装滤网，确保每两周清洁一次。 切勿让冷风或热风吹向人、动物或植物，以免受伤。 切勿堵塞进风口或出风口，以免爆炸或故障。 清洁时切勿使用强力清洁剂、溶剂或直接喷水，以免受伤或损坏产品。 拆卸滤网时切勿触摸空调金属部件，以免受伤或故障。 滤网清洁后务必牢固安装，并遵循“每两周清洁一次”的频率。 若遥控器电池漏液，立即停止使用并冲洗衣物/皮肤；误食电池漏液需漱口并就医。 切勿对电池充电或拆解电池，以免爆炸、火灾或受伤。 在高处清洁时务必使用稳固的凳子或梯子，防止受伤或故障<PIC><PIC><PIC><PIC>。"";[""Manual01_29"", ""Manual01_30"", ""Manual01_31"", ""Manual01_32""]"
83,"""请参照【参考1】中“清洁空气滤网”的步骤进行清洁。 1. 关闭电源并拔下电源线。 2. 打开前盖板，轻轻掀起盖板两侧即可。 3. 握住空气滤网的把手，轻轻向上提起，将其从机身中取出。 4. 用吸尘器清理滤网，或用温水冲洗；若滤网污垢较难清理，可在温水中加入洗涤剂清洗。 5. 将滤网置于阴凉处晾干。 切勿让冷风或热风吹向人、动物或植物，否则可能导致严重受伤。 切勿将本产品用于特殊用途（如食品保鲜、艺术品保存），违规使用可能导致死亡、火灾或触电。 切勿堵塞进风口或出风口，否则可能导致爆炸或产品故障。 清洁时切勿使用强力清洁剂、溶剂或直接喷水，需使用软布擦拭。 拆卸空气滤网时，切勿触摸空调的金属部件，否则可能导致严重受伤或产品故障。 滤网清洁后务必牢固安装，每两周清洁一次滤网，必要时可增加清洁频率。 切勿在空调上放置任何物品，否则可能导致产品故障。 滤网清洁后切勿饮用空调排出的水，否则可能导致严重的健康问题。 在高处清洁、保养或维修空调时，使用稳固的凳子或梯子，否则可能导致严重受伤或产品故障。 若遥控器电池漏液，立即停止使用，若衣物或皮肤接触到漏液，用清水冲洗，否则可能导致严重受伤。 若不慎误食电池漏液，彻底漱口并立即就医，否则可能导致严重的健康问题<PIC><PIC><PIC><PIC>。"";[""Manual01_29"", ""Manual01_30"", ""Manual01_31"", ""Manual01_32""]"
84,"""请按照以下步骤清洁空调的 3M 多重防护滤网：关闭电源并拔下电源线，打开前盖板取出滤网，用吸尘器清理污垢（切勿用水清洗），晾干后装回。 1. 关闭电源并拔下电源线。 2. 打开前盖板，取出空气滤网（详见“清洁空气滤网”）。 3. 抽出 3M 多重防护滤网。 4. 用吸尘器清理滤网污垢，切勿用水清洗 3M 多重防护滤网，以免造成滤网损坏。 5. 将滤网置于阴凉处晾干。 功能会根据机型有所调整。 切勿用水清洗 3M 多重防护滤网。 建议每两周清洁一次空气滤网，必要时可增加清洁频率<PIC><PIC><PIC><PIC><PIC><PIC>。"";[""Manual01_31"", ""Manual01_27"", ""Manual01_28"", ""Manual01_29"", ""Manual01_30"", ""Manual01_32""]"
85,"""关闭电源并拔下电源线。 打开前盖板，取出空气滤网（见“清洁空气滤网”步骤）。 在 10 秒内取下等离子滤网。 用吸尘器清理滤网污垢；若污垢较难清理，可用温水冲洗。 将滤网置于阴凉处晾干。 清洁等离子滤网时，务必先取出空气滤网，再单独处理等离子滤网，避免交叉污染。 若滤网污垢较难清理，可用温水冲洗；切勿用水直接清洗 3M 多重防护滤网（见“清洁 3M 多重防护滤网”章节）。 清洁后务必置于阴凉处晾干，确保滤网完全干燥后再装回。 功能会根据机型有所调整，请参照对应机型说明。 若滤网污垢较难清理，可用温水冲洗；切勿用水直接清洗 3M 多重防护滤网。 清洁后务必确保滤网完全干燥再装回<PIC><PIC><PIC><PIC><PIC>。"";[""Manual01_32"", ""Manual01_29"", ""Manual01_30"", ""Manual01_31"", ""Manual01_18""]"
86,"""请查阅产品官方说明书或联系厂家获取准确的组装步骤。 组装前请拔掉电源插头，确保环境安全。 仅使用厂家推荐配件，不可随意添加除垢剂、酒精或洗涤剂。 切勿湿手操作，避免拉扯电源线，并远离儿童<PIC>。"";[""Manual05_8""]"
87,"""蒸汽清洁机有哪些实用的产品功能？ 资料仅提供了产品型号（蒸汽清洁机）、使用前的安全警告、配件兼容性（二合一拖把）以及禁止事项，未列举具体的实用功能列表。 请勿向清洁机内加入除垢剂、芳香剂、酒精或洗涤剂类产品，否则可能损坏机器或造成使用危险。 不可将蒸汽对准人、动物、电源插座及含电器元件的设备（如烤箱内部）。 不可淋雨，室内存放，不使用、进行保养或故障排查前请先拔掉电源。 切勿湿手操作蒸汽清洁机，不可拉扯电源线搬运机器、将电源线当作提手、让门夹到电源线、或将电源线在尖锐边角处拉扯。 若清洁机跌落、受损、置于室外或掉入水中，请勿使用，请送至维修中心检修<PIC>。"";[""Manual05_8""]"
88,"""适用于瓷砖、Vinyl 地板、复合地板、大理石、石材及封边木地板。 不可用于未封边木地板。 不可用于皮革、打蜡家具或地板、合成纤维织物、丝绒及其他易受蒸汽损坏的精细材质。 首次使用时机器可能需数秒才出蒸汽，属正常现象。 1) 清洁前准备 在打蜡或部分未打蜡地板上使用可能降低光泽度，建议先测试或查阅地板厂家保养说明。 蒸汽清洁前请先扫地或吸尘，减少灰尘干扰。 确保水箱有水（无水时切勿使用）。 若需消毒，将蒸汽拖把置于该区域至少 15 秒，但不超过 20 秒。 不出蒸汽时，拔掉电源、取下水箱加水后继续清洁。 首次使用时机器可能需数秒才出蒸汽，属正常现象。 水需通过过滤器流入加热器。 2) 安全操作 使用电器时，清洁机不使用时请务必拔掉电源插头。 切勿向清洁机内加入除垢剂、芳香剂、酒精或洗涤剂类产品，否则可能损坏机器或造成危险。 拔电源时请握住插头，不要拉扯电源线。 切勿湿手操作蒸汽清洁机。 不可将蒸汽对准人、动物、电源插座及含电器元件的设备（如烤箱内部）。 不可淋雨；室内存放，不使用、进行保养或故障排查前请先拔掉电源。 请勿让蒸汽清洁机无人看管；若清洁机跌落、受损、置于室外或掉入水中，请勿使用，送至维修中心检修。 切勿拉扯电源线搬运机器、将电源线当作提手、让门夹到电源线、或将电源线在尖锐边角处拉扯。 不可用于未封边木地板。 不可用于皮革、打蜡家具或地板、合成纤维织物、丝绒及其他易受蒸汽损坏的精细材质。 不可向清洁机内加入除垢剂、芳香剂、酒精或洗涤剂类产品。 首次使用时机器可能需数秒才出蒸汽。 若清洁机跌落、受损、置于室外或掉入水中，请勿使用<PIC>。"";[""Manual05_8""]"
89,"""根据 C1、C2（用于组装椅背） 底座（含气杆） 底盘 脚踏（需先安装脚踏，再套上橡胶圈） 座椅 连接件（用于连接椅背与底盘） 扶手 头枕与腰枕 使用椅子前须保留原包装箱以备退换。 检查各类配件。 用螺丝将 C1 与 C2 组装在一起。 安装脚轮：用底座盖盖住底座中心，并安装气杆。 安装底盘。 安装脚踏，然后套上橡胶圈。 将座椅放置在气杆上。 在椅背上安装连接件。 将连接件安装到底盘后端。 对准螺丝孔并安装扶手。 安装头枕与腰枕。 组装完成。 使用前请阅读并理解本手册中的说明。 使用一段时间后若扶手变松，可重新拧紧螺丝<PIC><PIC><PIC><PIC><PIC><PIC><PIC><PIC><PIC><PIC><PIC><PIC><PIC><PIC><PIC><PIC>。"";[""Manual02_0"", ""Manual02_1"", ""Manual02_2"", ""Manual02_3"", ""Manual02_4"", ""Manual02_5"", ""Manual02_6"", ""Manual02_7"", ""Manual02_8"", ""Manual02_9"", ""Manual02_10"", ""Manual02_11"", ""Manual02_12"", ""Manual02_13"", ""Manual02_14"", ""Manual02_15""]"
90,"""扶手松动通常是因为扶手与椅背的螺丝在使用一段时间后发生松动。 大多数情况下，重新拧紧扶手和椅背的螺丝即可解决问题。 请妥善保管本手册以备日后查阅。 使用椅子前请阅读并理解本手册中的说明。 若问题未解决，请查阅常见问题部分<PIC><PIC><PIC><PIC><PIC><PIC><PIC><PIC><PIC><PIC><PIC><PIC><PIC><PIC><PIC><PIC>。"";[""Manual02_0"", ""Manual02_1"", ""Manual02_2"", ""Manual02_3"", ""Manual02_4"", ""Manual02_5"", ""Manual02_6"", ""Manual02_7"", ""Manual02_8"", ""Manual02_9"", ""Manual02_10"", ""Manual02_11"", ""Manual02_12"", ""Manual02_13"", ""Manual02_14"", ""Manual02_15""]"
91,"""可调节高度（升降拉杆） 可调节椅背角度（后仰拉杆） 腰枕按摩功能（插入 USB 启用） 扶手与椅背螺丝松动可重新拧紧 脚轮、底盘、脚踏及橡胶圈等结构件 调节高度：向上拉起“升降”拉杆，松开后身体微抬离座椅，再松开拉杆即可回座。 调节椅背：向上拉起“后仰”拉杆，椅背角度可独立倾斜；向下按下锁定角度；复位时请靠在椅背上，否则椅背可能快速回弹。 启用腰枕按摩：插入 USB 即可启用。 扶手松动处理：大多数情况下是螺丝松动，重新拧紧即可解决。 组装要点：请保留原包装箱，检查配件（C1/C2、气杆、底盘、脚踏、连接件、扶手、头枕与腰枕），按步骤组装；若扶手变松，先检查并拧紧螺丝。 调节高度时请将身体微微抬离座椅。 复位椅背时务必靠在椅背上，防止快速回弹。 若扶手松动，先检查并拧紧螺丝。 组装完成后请妥善保管手册以备日后查阅<PIC><PIC><PIC><PIC><PIC><PIC><PIC><PIC><PIC><PIC><PIC><PIC><PIC><PIC><PIC><PIC>。"";[""Manual02_11"", ""Manual02_12"", ""Manual02_13"", ""Manual02_14"", ""Manual02_15"", ""Manual02_0"", ""Manual02_1"", ""Manual02_2"", ""Manual02_3"", ""Manual02_4"", ""Manual02_5"", ""Manual02_6"", ""Manual02_7"", ""Manual02_8"", ""Manual02_9"", ""Manual02_10""]"
92,"""洗碗机内部通常包含：上/下层碗篮、喷淋臂、加热盘管、排水泵、滤网、门锁、水位传感器、加热元件、控制面板等。 如需准确部件清单，建议查阅产品说明书或联系厂家<PIC><PIC><PIC>。"";[""Manual06_8"", ""Manual06_9"", ""Manual06_10""]"
93,"""排水管可直接连接到排水孔或水槽排水口。 连接点距地面高度最小 50 厘米，最大 100 厘米。 排水管长度超过 4 米会导致洗涤不干净。 将排水管平直连接到排水管，不得弯折。 牢固固定排水管，防止工作时脱落。 排水管必须连接到污水系统，不得连接到地表水。 1. 确认排水管长度不超过 4 米，若过长需更换。 2. 将排水管平直地连接到排水孔或水槽排水口。 3. 确保连接点距地面高度在 50-100 厘米范围内。 4. 使用螺丝刀等工具将排水管牢固固定，防止脱落。 5. 检查排水管是否已正确连接到污水系统，严禁连接至地表水。 排水管必须连接到污水系统，不得连接到地表水。 连接点距地面高度最小 50 厘米，最大 100 厘米。 排水管长度超过 4 米会导致洗涤不干净。 将排水管平直连接到排水管，不得弯折。 牢固固定排水管，防止工作时脱落。 首次使用前，请先空载运行最短程序并加入洗涤剂<PIC><PIC><PIC><PIC>。"";[""Manual06_2"", ""Dish_washer_07"", ""Dish_washer_01"", ""Dish_washer_02""]"
94,"""需使用洗碗机专用软化盐（颗粒或粉末状），不可使用食盐等含不溶物。 启动前向软水系统注入约 1 升水（C）。 逆时针旋转盐箱盖打开（A、B）。 使用盐斗向盐箱加盐，加满约 2 公斤软化盐。 加满后拧紧盖子。 若加盐后不立即启动，可空载运行最短程序以溶解并冲散散落的盐。 1. 取出下层碗篮以便添加软化盐。 2. 逆时针旋转盐箱盖打开（A、B）。 3. 使用盐斗向盐箱加盐，加满约 2 公斤软化盐。 4. 加满后盖上盖子并拧紧。 5. 若加盐后不立即启动洗涤程序，请空载运行最短程序，溶解并冲散机器内散落的盐。 6. 启动产品时盐箱会进水，因此请在启动机器前添加软化盐。 7. 启动前向软水系统注入约 1 升水（C）。 8. 使用盐斗向盐箱加盐（D）。 9. 为加速盐的溶解，可用勺子搅拌。 10. 盐箱约可装入 2 公斤软化盐。 11. 加盐后盐量指示灯可能仍会亮一段时间，因不同盐品牌颗粒大小及水硬度差异，溶解可能需要数小时。 请勿使用食盐等含不溶物的盐，否则软水系统性能会逐渐下降。 加盐后若指示灯仍亮，属正常现象，可等待数小时。 若加盐后不立即启动，可空载运行最短程序以溶解并冲散散落的盐。 加盐时注意不要洒在盐孔周围，洒落的盐可能导致划痕；加盐后确保盐箱盖拧紧。 运行预洗程序可清除机器内洒落的盐。 盖子下残留的盐粒在预洗时溶解可能导致盖子松动，程序结束后再次检查盖子。 若玻璃上出现类似奶渍痕迹（手擦无法去除，对着光呈蓝色/彩虹色），可能是软水导致玻璃腐蚀，建议检查供水硬度设置，若较软（<5dH）可考虑使用玻璃保护洗涤剂或提高洗涤温度（如 60–65℃）。 餐具出现划痕可能由含铝/铝制厨具、盐泄漏、水硬度设置过低或盐量不足、餐具未有序放置等引起，请排查上述原因<PIC><PIC><PIC><PIC><PIC>。"";[""Dish_washer_07"", ""Dish_washer_01"", ""Dish_washer_02"", ""Manual06_6"", ""Manual06_7""]"
95,"""需根据所选程序选择对应洗涤剂用量。 在运行前将洗涤剂加入洗涤剂盒，并盖紧。 若洗涤剂盒潮湿或残留，需先干燥或清空后再加。 切勿向洗涤剂盒中加入溶剂。 块状洗涤剂仅用于带预洗的高温程序；粉末洗涤剂用于无预洗短程序。 若餐具放置时间长、残渣干涸，可加满 5cm³小格。 过量粉末会导致无法完全溶解并划伤玻璃器皿。 1) 打开洗涤剂盒 向右推动卡扣打开洗涤剂盒盖（A）。 确认盖已完全打开。 2) 加入洗涤剂 向洗涤剂盒中加入建议量的粉末或块状洗涤剂。 查看刻度标记，加至 15cm³ 或 25cm³ 刻度线（1）。 若餐具放置时间较长且残渣已干涸，可同时加满 5cm³ 小格（5）。 轻轻按下关闭洗涤剂盒盖，听到“咔嗒”声表示已关紧。 带预洗的高温程序使用块状洗涤剂时，请确保洗涤剂盒盖紧闭。 预洗的短程序建议使用粉末洗涤剂，因为块状洗涤剂的溶解度随温度和时间变化。 过量使用粉末洗涤剂会导致洗涤剂无法完全溶解，并在玻璃器皿上留下划痕。 3) 注意事项 请勿向洗涤剂盒中加入溶剂，有爆炸危险！ 洗涤剂盒内残留洗涤剂或盒潮湿时，需先干燥或清空后再加。 洗涤时不要阻挡洗涤剂盒盖打开和喷淋臂出水。 若使用粉末洗涤剂，请勿将洗涤剂包装存放在潮湿处，尽量密封存放。 若喷淋臂孔被柠檬籽等食物残渣堵塞，需定期清洁喷淋臂。 块状洗涤剂仅用于带预洗的高温程序；粉末用于无预洗短程序。 若洗涤后餐具上有污渍，需调高剂量；若手擦后有蓝色痕迹，则调低剂量。 若洗涤剂盒盖无法打开，请检查是否潮湿或残留，必要时清空并干燥<PIC><PIC><PIC><PIC><PIC><PIC><PIC>。"";[""Dish_washer_03"", ""Manual06_4"", ""Dish_washer_07"", ""Dish_washer_01"", ""Dish_washer_02"", ""Manual06_6"", ""Manual06_7""]"
96,"""请查阅洗涤剂生产商包装上的使用说明，确认洗涤块在洗碗机中的合适放置位置（如洗涤剂盒、碗篮等）。 若洗涤块含软水盐或亮碟剂，需确保洗碗机已按说明书正确添加专用盐/亮碟剂。 若洗涤剂盒潮湿或喷淋臂孔堵塞，可能导致洗涤块效果不佳或无法正常添加<PIC><PIC><PIC><PIC><PIC><PIC>。"";[""Dish_washer_07"", ""Dish_washer_01"", ""Dish_washer_02"", ""Manual06_6"", ""Manual06_7"", ""Manual06_5""]"
97,"""亮碟剂用于提高烘干效率、防止餐具留下水渍或水垢。 必须使用洗碗机专用亮碟剂，不可混用普通洗涤剂。 添加前检查亮碟剂盒指示灯：常亮表示充足，熄灭需添加。 1) 打开亮碟剂盒盖（B），向盒内加注至 MAX 刻度线。 2) 轻轻按下关闭盒盖。 3) 调节剂量旋钮至 1–6 之间： - 若洗涤后餐具有污渍，调高剂量； - 若手擦后出现蓝色痕迹，调低剂量； - 出厂默认通常为 4。 4) 擦净溢出的亮碟剂，避免泡沫影响洗涤效果。 5) 若需同时使用半载功能，可按下半载/洗涤块键使两者指示灯同时亮起；若不希望使用，可关闭相应指示灯。 亮碟剂盒内不足时，先运行预洗程序清除洒落盐粒，再检查盖子是否松动。 添加盐时注意不要洒在盐孔周围，以免产生划痕；运行预洗程序溶解残留盐粒。 若供水较软（<5dH），请勿使用盐；如仍用盐，可考虑更高温度洗涤程序或玻璃保护洗涤剂。 若餐具出现划痕，请检查是否使用含铝/铝制厨具，并确认盐量充足、盐箱盖已拧紧<PIC><PIC><PIC>。"";[""Manual06_6"", ""Manual06_7"", ""Manual06_5""]"
98,严禁在洗碗机中清洗沾有烟灰、蜡烛残渣、抛光剂、染料、化学品等的餐具。 切勿清洗铁制器具，以免生锈或在其他物品上留下污渍。 请勿清洗带有木质或骨质手柄、黏合部件、不耐热部件的银质餐具、刀具，以及铜和镀锡容器。 瓷器的装饰花纹以及铝制和银质器具在洗碗机中清洗后可能会褪色或失去光泽。 某些精致玻璃和水晶可能会逐渐失去光泽。 带装饰图案的玻璃和光泽瓷器不适合洗碗机清洗，可能导致装饰图案脱落。 含铝或铝制厨具不应在洗碗机中清洗，以防出现划痕。 餐具未有序放置（如玻璃杯靠在其他餐具上）可能导致碰撞破损或表面划痕。 亮碟剂使用过量可能导致玻璃留下难擦的奶渍痕迹。 供水较软（<5dH）时，软水可能导致玻璃腐蚀。 餐具放入洗碗机前需擦去大块食物残渣（骨头、种子等）。 尖锐刀具（如餐叉、面包刀）请务必尖头朝下或水平放置在碗篮中，防止受伤。 确认餐具材质及是否有上述禁忌内容（如银、铜、镀锡、铝、玻璃/水晶、铁、木质/骨质手柄、黏合部件、不耐热部件、装饰图案等）。 避免将玻璃杯等玻璃器皿靠在其他餐具上，应靠在碗篮边缘、支架或玻璃支架丝上，防止碰撞。 若使用亮碟剂，注意清洁溢出部分，避免过量使用。 若供水较软，建议选择更高温度洗涤程序（如 60–65℃）或使用市售玻璃保护洗涤剂。 运行预洗程序清除可能洒落的盐，防止盐箱盖松动。 先取出下层碗篮的餐具，再取出上层碗篮的餐具。 将较脏、较大的物品放在下层碗篮，较小、精致、较轻的物品放在上层碗篮。 将碗、杯、锅等中空器具倒扣在洗碗机中，避免深处积水。 购买餐具前务必确认是否适合洗碗机清洗，特别是涉及材质、装饰、玻璃/水晶、银/铜/镀锡等敏感品类。 若餐具有装饰图案或特殊材质，建议手洗以保护外观和清洁效果。 若出现划痕、褪色、图案脱落或玻璃腐蚀等问题，应停止使用并联系售后。 若不确定某类餐具是否适合洗碗机，建议咨询产品说明书或品牌客服。
99,"""资料仅说明“根据待洗餐具的尺寸调节上层篮高度”及“使用篮滚轮改变碗篮高度”，未提供不同型号的具体安装步骤或参数。 资料未提及餐具篮的具体型号、安装方式或型号对应的调节参数。 若需确认具体型号的安装方式，请联系最近的授权售后服务中心。 安装前请目视检查产品是否有损坏；如有损坏请勿安装。 安装或清洁后推入产品时，确保进水管和排水管不被弯折、挤压或压扁。 移动产品时请勿抓住机门或面板<PIC>。"";[""Manual06_11""]"
100,"""可折叠下层篮架丝（2 根）需先取出下层碗篮，将两根架丝并排插入下层碗篮的对应插槽中，然后按图示卡扣放下即可安装。 先取出下层碗篮。 将两根可折叠架丝并排插入下层碗篮的对应插槽。 按下卡扣（A）将折叠架丝放下。 可单独或同时折叠每根架丝以创造更大空间。 仅使用洗碗机专用软化盐，不可使用含不溶物的普通食盐。 首次使用前向软水系统注入 1 升水，再使用盐斗加盐并搅拌溶解。 若加盐后不立即启动洗涤程序，请先空载运行最短程序以溶解并冲散散落的盐。 亮碟剂盒需保持有专用亮碟剂，且仅使用洗碗机专用亮碟剂；若指示灯熄灭需添加。 餐具应有序放置：较脏大件放下层，细小精致轻物放上层；尖锐刀具尖头朝下或水平放置<PIC><PIC><PIC><PIC><PIC><PIC>。"";[""Manual06_12"", ""Dish_washer_07"", ""Dish_washer_01"", ""Dish_washer_02"", ""Manual06_6"", ""Manual06_7""]"
101,"""满载调节：通过“升高碗篮”或“降低碗篮”操作，无需取出碗篮即可调节满载状态下的上层篮高度。 空载调节：通过“空载上层篮高度调节”操作，可调节上层篮高度以适应不同尺寸餐具。 满载调节（升高碗篮）： 1. 抓住上层篮一侧架丝（左或右）向上提起（A）。 2. 另一侧重复相同操作。 3. 确保碗篮高度调节机构两侧处于同一水平（高或低）。 满载调节（降低碗篮）： 1. 按下碗篮调节机构上的卡扣降低碗篮（B）。 2. 另一侧重复相同操作。 3. 确保碗篮高度调节机构两侧处于同一水平（高或低）。 空载调节（适用视型号而定）： 1. 将上层篮导轨末端的限位器拨到一旁（A）。 2. 取出碗篮（B）。 3. 改变滚轮位置，将碗篮放回导轨并关闭限位器（C）。 （相关配图：洗碗机_042、洗碗机_05、洗碗机_06） 调节后务必确认两侧调节机构处于同一水平，否则可能影响洗涤效果或造成磨损。 空载调节仅适用于上层篮，且需先取出碗篮操作。 尖锐刀具等物品应尖头朝下或水平放置，避免刮伤碗篮或造成危险<PIC><PIC>。"";[""Manual06_13"", ""Manual06_14""]"
102,"""需要定期清洁安装在进水管上的滤网，防止杂质损坏机器。 清洁步骤：关闭水龙头→拆下滤网→自来水下清洗→装回原位→装回水管→完全打开水龙头检查漏水。 1. 关闭水龙头并拆下水管。 2. 取出滤网后在自来水下清洁。 3. 将清洁后的滤网装回水管原位。 4. 将水管装回水龙头。 5. 完全打开水龙头检查是否漏水。 若水压超过 10 巴，需安装减压阀。 新品请勿使用旧的或用过的进水管，请使用产品随附的全新进水管。 若清洁后仍无法解决问题，请联系经销商或授权售后服务中心。 -<PIC><PIC>。"";[""Manual06_22"", ""Manual06_1""]"
103,"""若上层喷淋臂孔堵塞：拆下并清洁喷淋臂；向左旋转螺母拆下（C、D），安装时确保螺母拧紧。 若需常规清洁：每周至少清洁一次喷淋臂。 每周清洁：参照“喷淋臂清洁”章节操作。 检查与拆卸： - 检查上层喷淋臂（2）上的孔是否堵塞。 - 若堵塞，拆下并清洁喷淋臂；向左旋转螺母拆下上层喷淋臂（C、D）。 - 安装上层喷淋臂时确保螺母拧紧。 检查下层喷淋臂（1）上的孔是否堵塞（见下层喷淋臂章节），若堵塞同样拆下并清洁。 清洁后务必拧紧螺母，防止松动。 每周至少清洁一次喷淋臂以保证机器高效运行。 若发现堵塞，请参照对应章节进行拆卸与清洁操作<PIC><PIC>。"";[""Manual06_23"", ""Dish_washer_08""]"
104,"""请按照以下步骤拆除滤网塑料包装：拔下设备插头；双手握住设备上盖向上拉起；握住背部滤网盖把手向前拉出；拆除滤网上的塑料包装；将滤网上下推入设备；装回滤网盖（先插入底部卡槽，向前滑动卡入顶部卡槽）；双手握住设备上盖滑回原位（确保标识朝前）；长按控制面板上的睡眠 + 自动键 5 秒以上进行初始化。 拆除滤网包装前请务必拔下设备插头。 滤网塑料包装拆除后无法退货。 未拆除包装会产生异响，滤网无法正常工作，且可能引发火灾或损坏设备。 将滤网上下推入设备，确保滤网贴合紧密。 装回滤网盖时，先将盖子插入设备底部固定卡槽，向前滑动盖子，使其卡入顶部卡槽。 装回滤网盖后，双手握住设备上盖并滑回原位，确保标识朝前。 滤网安装完成后，长按控制面板上的睡眠 + 自动键 5 秒以上进行初始化，重置后红色滤网指示灯将熄灭。 滤网塑料包装拆除后无法退货。 拆除滤网包装前请务必拔下设备插头。 未拆除包装会产生异响，滤网无法正常工作，且可能引发火灾或损坏设备。 滤网安装完成后，长按控制面板上的睡眠 + 自动键 5 秒以上进行初始化。 若滤盒内无脚轮盒，请联系客服（注：此条为脚轮安装相关提示，与滤网拆除无关）<PIC><PIC><PIC><PIC><PIC><PIC><PIC><PIC><PIC><PIC><PIC><PIC>。"";[""Manual03_0"", ""Manual03_1"", ""Manual03_2"", ""Manual03_3"", ""Manual03_4"", ""Manual03_5"", ""Manual03_6"", ""Manual03_7"", ""Manual03_8"", ""Manual03_9"", ""Manual03_10"", ""Manual03_16""]"
105,"""安装脚轮是可选步骤，包装盒内包含 4 个脚轮和 8 颗螺丝。 需拆下底部底座，用螺丝将脚轮替换原底座，保留拆下的底座和螺丝以备后续使用。 1) 打开包装盒，取出包含 4 个脚轮和 8 颗螺丝的小盒。 2) 用螺丝刀拆下空气净化器底部四个底座。 3) 每个脚轮用两颗螺丝替换原底座。 4) 保留拆下的底座和螺丝以备后续使用。 若滤盒内无脚轮盒，请联系客服。 将设备插入插座后，请勿将设备挤压在墙壁插座上；请勿随意延长电源线；设备与墙壁之间至少保留 12 英寸（30 厘米）距离。 若进风口和出风口空间拥挤，空气净化能力可能会受限制。 请勿在易燃物附近或燃气泄漏时使用本产品；请勿在高湿度、油污、沾水的环境中使用本产品。 禁止将产品安装在阳光直射或暖气通风口附近。 建议每 6-12 个月更换一次滤网（具体周期可能因产品使用情况而异）<PIC><PIC><PIC><PIC><PIC><PIC>。"";[""Manual03_6"", ""Manual03_7"", ""Manual03_8"", ""Manual03_9"", ""Manual03_10"", ""Manual03_16""]"
106,"""空气净化器通常有哪些模式？ 根据现有资料，空气净化器支持常规运行模式、涡轮风扇运行模式以及自动模式。 自动模式可自动调节风速以提供更洁净的空气（在 VOC 传感器检测空气质量时）。 常规运行模式：开机后选择常规模式，用于日常净化。 涡轮风扇运行模式：可更快净化室内空气，需长按控制面板上的上下键 3 秒设置，或按“下键”调至 18 档后启动涡轮风扇运行。 自动模式：按下自动键选择自动模式，每次可切换；智能自动运行期间无法手动调节风速。 滤网建议每 6-12 个月更换一次（具体视使用情况而定）。 若滤盒内无脚轮盒，请联系客服。 自动模式下无法手动调节风速<PIC><PIC><PIC><PIC><PIC><PIC><PIC>。"";[""Manual03_6"", ""Manual03_7"", ""Manual03_8"", ""Manual03_9"", ""Manual03_10"", ""Manual03_16"", ""Manual03_15""]"
107,"""该指示灯以灯光形式环绕显示屏外缘，设备根据检测到的细颗粒物浓度显示空气质量。 传感器检测室内空气质量，设备通过四种不同颜色显示空气状态。 指示灯实时反映当前细颗粒物浓度，帮助查看空气质量。 在室外空气可进入的环境（如门口、通风口、窗户等），室内空气质量可能显示为更清洁的等级。 指示灯可能对部分颗粒物无反应，读数可能与其他空气质量检测设备不同。 产品功能和规格可能因型号而异。 建议每 6-12 个月更换一次滤网，更换周期可能因产品使用情况而异。 自动模式下无法调节风速，VOC 传感器检测空气质量并自动调节风速。 涡轮模式可更快净化室内空气，需长按控制面板上的上下键 3 秒设置<PIC><PIC><PIC><PIC><PIC><PIC><PIC><PIC>。"";[""Manual03_20"", ""Manual03_6"", ""Manual03_7"", ""Manual03_8"", ""Manual03_9"", ""Manual03_10"", ""Manual03_15"", ""Manual03_16""]"
108,"""清洁前务必拔掉电源插头。 建议每月清洁 1-2 次；灰尘较多地区建议增加频率。 可参考以下分步操作。 1) 断电与准备 拔掉电源插头。 拆除滤网上的塑料包装（使用前请拆除）。 将塑料包装远离儿童，以防窒息。 2) 擦拭外壳 用温水或温和清洁剂浸湿的布擦拭净化器外壳。 再用软布擦干。 3) 清洁滤网仓内部 打开背部滤网盖并取出滤网。 用吸尘器和湿毛巾清洁滤网仓内部。 4) 清洁滤网 每月清洁设备及预过滤网 1-2 次。 使用柔软干布及温和清洁剂清洁设备（请勿通电清洁，以免导致触电或故障）。 每月清洁 1-2 次；灰尘较多地区建议增加清洁频率。 清洁时请勿通电，以免导致触电或故障。 塑料包装请远离儿童，以防窒息。 若滤盒内无脚轮盒，请联系客服<PIC><PIC><PIC><PIC><PIC>。"";[""Manual03_6"", ""Manual03_7"", ""Manual03_8"", ""Manual03_9"", ""Manual03_10""]"
109,"""请每月清洁 1-2 次滤网（灰尘较多地区建议增加频率）。 清洁前务必拔掉电源插头。 使用柔软干布及温和清洁剂清洁设备外壳；清洁滤网时请使用吸尘器或湿毛巾。 每月清洁设备及预过滤网 1-2 次。 若滤盒内无脚轮盒，请联系客服。 1) 清洁前准备 拔掉电源插头。 拆除滤网上的塑料包装。 将塑料包装远离儿童，以防窒息。 2) 清洁滤网 打开背部滤网盖并取出滤网。 用吸尘器和湿毛巾清洁滤网仓内部。 用温水或温和清洁剂浸湿的布擦拭净化器外壳，再用软布擦干。 3) 其他维护 建议每 6-12 个月更换一次滤网（具体周期可能因产品使用情况而异）。 若滤盒内无脚轮盒，请联系客服。 请勿通电清洁，以免导致触电或故障。 每月清洁 1-2 次净化器以保证最佳效果；灰尘较多地区建议增加清洁频率。 清洁时请使用柔软干布及温和清洁剂；切勿使用腐蚀性或强溶剂。 若滤盒内无脚轮盒，请联系客服<PIC><PIC><PIC><PIC><PIC>。"";[""Manual03_6"", ""Manual03_7"", ""Manual03_8"", ""Manual03_9"", ""Manual03_10""]"
110,"""需更换滤网时，滤网更换指示灯将亮起红色。 每 6-12 个月更换一次滤网（滤网安装详见第 4 页）。 更换滤网后需重置指示灯。 1. 检查滤网更换指示灯是否亮起红色。 2. 打开空气净化器外壳，找到滤网位置。 3. 取出旧滤网，确认滤盒内无脚轮盒（若无则请联系客服）。 4. 将新滤网装入滤盒，确保安装到位。 5. 关闭外壳，按控制面板上的睡眠 + 自动键长按 5 秒以上重置指示灯。 滤网寿命取决于使用环境。 更换滤网期间，可用吸尘器或软刷清洁预过滤网。 禁止用水清洗滤网<PIC><PIC><PIC><PIC><PIC><PIC>。"";[""Manual03_21"", ""Manual03_6"", ""Manual03_7"", ""Manual03_8"", ""Manual03_9"", ""Manual03_10""]"
111,"""请按以下步骤清洁灰尘传感器：双手握住设备上盖并向上拉起；握住背部滤网盖把手并向前拉出；拆下设备右侧灰尘传感器盖；用蘸少量水的棉签擦拭灰尘传感器镜头和进风口，再用干净干棉签彻底擦干；装回灰尘传感器盖；装回滤网盖；将设备上盖标识朝前装回。 清洁前务必拔掉电源插头。 每月清洁 1-2 次；灰尘较多地区建议增加清洁频率。 使用温水或温和清洁剂浸湿的布擦拭外壳，再用软布擦干。 打开背部滤网盖并取出滤网，用吸尘器和湿毛巾清洁滤网仓内部。 每月清洁设备及预过滤网 1-2 次。 每次清洁前请拔下电源插头。 使用蘸少量水的棉签擦拭传感器镜头和进风口，避免液体进入内部。 清洁后务必用干净干棉签彻底擦干。 装回滤网盖时，将设备上盖标识朝前装回。 若滤盒内无脚轮盒，请联系客服<PIC><PIC><PIC><PIC><PIC><PIC><PIC><PIC><PIC>。"";[""Manual03_22"", ""Manual03_23"", ""Manual03_24"", ""Manual03_25"", ""Manual03_6"", ""Manual03_7"", ""Manual03_8"", ""Manual03_9"", ""Manual03_10""]"
112,"""若您的空气净化器包装盒内无脚轮盒，请提前联系客服确认是否需要额外配件。 若长期存放，建议每 6-12 个月更换一次滤网（具体周期可能因使用情况而异）。 存放前请确保设备已断电并晾干内部<PIC><PIC><PIC><PIC><PIC><PIC>。"";[""Manual03_6"", ""Manual03_7"", ""Manual03_8"", ""Manual03_9"", ""Manual03_10"", ""Manual03_16""]"
113,"""请查阅随附的完整手册以获取详细技术规格。 装配不当可能导致受伤或功能异常，请务必按说明书操作。 使用前检查机器是否有松动、破裂、损坏或磨损的零件。 首次使用前请阅读并理解随本机提供的完整手册。 移动立式单车时，小心将把手向自身方向倾斜，同时向下按压单车前部，将单车推至目标位置<PIC><PIC><PIC><PIC>。"";[""Manual14_17"", ""Manual14_0"", ""Manual14_1"", ""Manual14_18""]"
114,"""启动前请确保：已设置用户档案（或选择无自定义数据的默认档案）；确认阻力等级（手动模式默认4级）；检查后稳定器水平调节脚已旋紧且单车处于水平稳固状态；确认风扇已关闭（如需）；确认无其他危险警示图标存在。 进入快速启动（手动）程序：无需输入信息即可开始运动。 按“阻力增加（♠）”或“阻力减小（▼）”按钮选择正确的用户档案；如未设置档案，可选择无自定义数据的默认档案。 按“快速启动按钮”开始手动程序。 如需改变阻力等级，在运动中按“阻力增加（♠）”或“阻力减小（▼）”按钮切换。 运动中按“左（◀）”或“右（▶）”按钮可显示不同运动数据并浏览选项。 按“暂停/结束按钮”暂停当前运动或结束运动；再次按该按钮可结束运动。 运动结果将记录到当前用户档案。 移动时小心将把手向自身方向倾斜并向下按压前部推至目标位置，动作过猛可能影响电脑运行。 启动前请确保单车水平、稳固；后稳定器两侧配有水平调节脚，请旋紧。 手动模式默认阻力等级为4；如运动超过30分钟，活动列固定在最右侧。 如运动超过99分59秒，时间单位将自动切换为小时和分钟。 运动结束时按“暂停/结束按钮”停止踩踏；如需结束运动，再次按该按钮。 如启动前出现潜在危险图标，请避免未避免的情况，以防死亡或重伤<PIC><PIC>。"";[""Manual14_18"", ""Manual14_17""]"
115,"""该健身单车配有控制台，可在运动中显示重要信息并控制阻力等级。 控制台配有带触控按键的显示屏，用于浏览运动程序。 支持暂停/停止功能（踩踏时按暂停/结束按钮或 5 秒无转速信号进入暂停模式），并在暂停时可手动浏览结果通道。 支持接触式心率传感器，需双手同时接触传感器上下部分，保持 10–15 秒校准后显示初始心率。 控制台约 5 分钟未接收到任何输入时将自动关机，且无独立电源开关。 运动时按暂停/结束按钮或等待 5 秒无转速信号，控制台进入暂停模式。 暂停运动中，可使用增加/减少按钮手动浏览结果通道。 如需继续运动，按确认键或开始踩踏；如需停止运动，按暂停/结束按钮。 接触式心率传感器需双手同时接触传感器区域，确保手同时接触传感器上下部分。 校准后保持手部不动 10–15 秒，控制台将显示初始心率。 若心率信号仍不稳定，请擦拭双手和传感器后重试。 运动时阻力等级可通过控制台控制。 控制台约 5 分钟未接收到任何输入时自动关机，睡眠模式下液晶显示屏关闭。 接触式心率传感器可能受肌肉干扰、手部晃动、老茧/护手霜、EKG 信号不足或电子设备靠近等因素影响。 如校准后心率信号仍不稳定，请擦拭双手和传感器后重试。 控制台无电源开关，依赖外部电源供电。 若使用椭圆机，暂停时踩踏继续；若使用单车，暂停时踩踏停止<PIC>。"";[""Manual14_21""]"
116,"""座椅高度与脚踏位置：将脚踏板转到前位，脚掌中心对准脚踏板中心，膝盖保持微弯；若腿部过直或脚无法踩到脚踏板，将座椅调低；若膝盖弯曲过度，将座椅调高。 座椅高度调节：松开并拉出座管上的调节旋钮，将座椅调至所需高度，松开旋钮使锁销卡入，确保锁销完全卡入并拧紧旋钮。 单车水平：后稳定器两侧配有水平调节脚，旋转旋钮调节稳定器脚垫，确保运动前单车水平、稳固。 调节座椅前请先下车，松开座管调节旋钮，调整座椅高度，再拧紧锁销。 调节脚踏位置时，确保脚掌中心对准脚踏板中心，膝盖微弯。 调节水平时，旋转后稳定器脚垫旋钮，使单车水平稳固。 运动前检查锁销是否完全卡入并拧紧，确保座椅和脚踏位置正确。 请勿将座管调节到高于管上的限位标记（STOP）。 所有运动均保存到用户档案，建议编辑用户档案以获得更准确的卡路里和心率信息。 若运动超过 30 分钟，活动列固定在最右侧，之前的列移出屏幕<PIC><PIC>。"";[""Manual14_24"", ""Manual14_17""]"
117,若需了解具体程序，需查阅更详细的程序列表或用户手册。
118,资料仅说明山地类别属于预设程序的一个类别，并指出用户需按类别选择后展开查看，但未列出该类别下包含的具体程序名称或列表。 1. 进入控制台，选择“预设程序”类别。 2. 在预设程序中，找到并展开“山地”类别。 3. 在展开的山地类别中，查看并选择具体的预设运动程序。 资料未提供山地类别下具体包含的程序名称或列表，无法提供完整答案。 如需查看具体程序，需参考“程序显示”或“运动曲线与目标程序”章节中关于预设程序的描述，但无法从中提取山地类别下的具体程序列表。
119,挑战健身单车的最高难度类别是“挑战”。 在控制台选择“预设程序”类别，然后选择“挑战”类别，即可进入最高难度预设程序。 进入挑战类别后，系统会展开显示该类别下的所有预设程序供用户选择。 挑战类别包含多个预设程序，具体有哪些程序需查看该类别下的展开列表。 若资料中未列出具体程序名称，则无法提供完整程序列表。
120,"""在开机模式界面，按增加（♠）或减少（▼）按钮选择一个用户档案。 按确认按钮选择该用户档案。 控制台显示编辑提示和当前用户档案名称，按确认键开始编辑。 首次编辑时用户姓名为空，用户档案名称限制为 10 个字符。 编辑年龄、体重、身高、性别：使用增加/减少按钮调节，每项设置完成后按确认键。 编辑用户档案选项（如显示方式）：按暂停/结束按钮退出编辑，返回开机模式界面；按确认键设置。 编辑下部显示数据：按暂停/结束按钮退出编辑，返回开机模式界面；按确认键设置。 编辑运动数据显示方式：按暂停/结束按钮退出编辑，返回开机模式界面；按确认键设置。 编辑下部显示区自定义显示：按暂停/结束按钮退出编辑，返回开机模式界面；按确认键设置。 如需退出编辑用户档案选项，按暂停/结束按钮即可返回开机模式界面。 编辑完成后按确认键保存；如需退出，按暂停/结束按钮。 用户档案名称限制为 10 个字符，首次编辑姓名为空<PIC><PIC>。"";[""Manual14_26"", ""exercise_bikes_02""]"
121,"""请按步骤进入心率控制（HRC）程序： 1) 选择心率控制运动等级：初级（BEG）或高级（ADV）。 2) 按增加（♠）或减少（▼）按钮选择最大心率百分比区间（50–60%、60–70%、70–80%、80–90%）。 3) 按增加（♠）或减少（▼）按钮选择目标类型（如目标类型），然后按确认键。 4) 按增加（♠）或减少（▼）按钮设置运动目标值。 5) 按确认键开始运动。 提示：设置目标时请留出时间让心率达到目标区间；80–90% 心率区间运动前请咨询医生。 控制台必须能从接触式心率（CHR）传感器读取心率信息，心率控制程序才能正常工作。 若选择 80–90% 心率区间，运动前请咨询医生。 目标心率程序使用您的年龄和其他用户信息设置心率区间值，但具体推荐比例未在资料中给出<PIC><PIC>。"";[""Manual14_36"", ""Manual14_18""]"
122,该功能用于评估和提升用户的体能水平。测试通过对比功率输出（瓦特）与心率，在相同心率下功率输出增加，反映体能提升。 测试得分仅用于与用户自身历史得分对比，不与其他用户档案对比。 测试可评估体能水平提升。测试将功率输出（瓦特）与心率对比。 测试首先提示选择体能水平——初级（BEG）或高级（ADV）。 控制台使用所选用户档案的年龄和体重计算体能得分。 开始运动并握住心率传感器。测试开始后，运动强度逐渐增加，心率随之上升。强度持续自动增加，直至心率达到“测试区间”。 该区间根据用户档案最大心率的 75% 单独计算。 达到测试区间后，机器保持强度稳定 3 分钟，使您进入稳定状态（心率平稳）。 3 分钟结束时，控制台测量心率和功率输出，结合年龄和体重信息计算得出“体能得分”。 注：体能测试得分仅用于与自身历史得分对比，不与其他用户档案对比。对比得分查看体能提升。 控制台必须能从接触式心率（CHR）传感器或心率监测仪（HRM）读取心率信息才能正常工作。 如手动模式运动超过 99 分 59 秒（99:59），时间单位将自动切换为小时和分钟。
123,"""请按照以下步骤给电钻充电： 1. 确保充电器插入合适的插座。 2. 将电池组（K）插入充电器，确保完全就位。 3. 观察红色指示灯： - 持续闪烁表示正在充电； - 常亮表示充电完成，电池组已充满电。 插入电池组前，先将充电器插入合适的插座。 将电池组（K）插入充电器，确保完全就位。红色（充电）指示灯持续闪烁，表示充电过程已开始。 红色指示灯常亮表示充电完成，电池组已充满电，此时可使用或留在充电器中。 清洁充电器前务必先将其从交流插座拔下，避免触电危险。 清洁时可用布或非金属软刷清除污垢和油脂，切勿用水或任何清洁溶液。 如充电指示灯出现异常闪烁，请重新插入电池组；若仍异常，尝试更换电池组，如仍相同故障，请送至授权服务中心检测<PIC>。"";[""Manual11_2""]"
124,"""红色指示灯闪烁代表“充电指示灯”，用于指示电池组充电状态及可能出现的故障。 具体含义需结合闪烁模式（快闪次数、是否长闪）及是否伴随其他状态（如电池组充电中、过热/过冷延迟等）。 电池组充电中： - 电池组已充满：红色指示灯熄灭。 - 电池组或充电器故障：红色指示灯闪烁（具体模式视情况而定）。 - 过热/过冷延迟：红色指示灯长闪后短闪（电池冷却后自动切换至充电模式）。 - 电源故障：红色指示灯快速闪烁两次后暂停（部分充电器带有此指示灯）。 若闪烁持续且无上述特定模式，或新电池组出现相同故障提示，请更换电池组；若新电池组仍出现相同故障，请将充电器和电池组送至授权服务中心检测。 若充电器与发电机等便携式电源或直流转交流电源配合使用，充电器可能暂时停止工作，红色指示灯快速闪烁两次后暂停，表示电源超出允许范围。 出现闪烁时，请重新将电池组插入充电器；若问题仍存在，尝试更换另一块电池组。 如新电池组出现与原电池组相同的故障提示，应送回服务中心或其他回收点回收；若充电器正常，则原电池组有故障<PIC><PIC><PIC><PIC><PIC>。"";[""drill0_08"", ""drill0_09"", ""drill0_10"", ""drill0_11"", ""drill0_12""]"
126,"""需关闭电钻并断开电源。 单手握住夹头黑色套筒，另一只手固定工具，逆时针旋转套筒至足够大，装入所需附件。 将附件插入夹头约3/4英寸（19毫米），一只手顺时针旋转夹头套筒紧固，另一只手握住工具。 务必一只手握住夹头套筒、另一只手握住工具，以达到最大紧固度。 拆卸时重复上述步骤1和2。 1. 关闭工具并断开工具电源。 2. 一只手握住夹头黑色套筒，另一只手固定工具。逆时针旋转套筒至足够大，装入所需附件。 3. 将附件插入夹头约3/4英寸（19毫米），一只手顺时针旋转夹头套筒紧固，另一只手握住工具。您的工具配有自动主轴锁定机构，可单手开合夹头。务必一只手握住夹头套筒、另一只手握住工具，以达到最大紧固度。 4. 拆卸附件时，重复上述步骤1和2。 启动工具前务必确保附件紧固。松动的附件可能弹出，造成人身伤害。 更换附件时，务必锁定扳机开关并断开工具电源。 不要通过握住夹头前部并启动工具来拧紧钻头（或任何其他附件），否则可能损坏夹头并导致人身伤害。 为降低严重人身伤害风险，调整或拆卸/安装附件前，关闭工具并取下电池组。 移动腰带挂钩或批头夹时，取下固定螺钉（H），然后重新安装在另一侧。务必拧紧螺钉。 不要将工具悬挂在高处，或在腰带挂钩上悬挂物体<PIC><PIC><PIC><PIC><PIC><PIC><PIC>。"";[""drill0_01"", ""drill0_02"", ""drill0_03"", ""Manual11_7"", ""drill0_14"", ""drill0_18"", ""Manual11_8""]"
127,"""安装和拆卸电钻电池组需遵循以下安全步骤：关闭工具并取下电池组；将电池组对准工具手柄内导轨滑入；安装时按下释放按钮将电池组平稳拔出。 1. 关闭工具并取下电池组。 2. 将电池组（K）对准工具手柄内导轨，滑入手柄直至牢固就位且不会松脱。 3. 安装时按下释放按钮（J），将电池组从工具手柄中平稳拔出。 4. 安装前确保电池组充满电。 调整或拆卸/安装附件前必须关闭工具并取下电池组，以防意外启动导致受伤。 电池组出厂时未充满电，使用前请确保充满。 订购替换电池组时，请务必包含产品目录号和电压，并查阅兼容性表。 弱电池组仍可工作但预期工作量下降；故障电池组无法充电，充电器会提示故障<PIC>。"";[""Manual11_8""]"
128,"""安装/拆卸附件前必须关闭工具并取下电池组。 仅将工具腰带挂钩挂在工作腰带上，不可悬挂于高处或在腰带挂钩上悬挂物体。 确保固定腰带挂钩的螺钉已拧紧。 移动腰带挂钩或批头夹时，先取下固定螺钉，再重新安装到另一侧并拧紧。 关闭工具并断开工具电源。 一只手握住夹头黑色套筒，另一只手固定工具，逆时针旋转套筒至足够大，装入所需附件。 将附件插入夹头约 3/4 英寸（19 毫米），顺时针旋转夹头套筒紧固，另一只手握住工具。 拆卸附件时重复上述步骤：先断开电源，再松开套筒并取下附件。 安装或更换腰带挂钩或批头夹时，仅使用随附的螺钉（H），务必拧紧。 腰带挂钩和批头夹可使用随附螺钉（H）安装在工具任意一侧，适配左手或右手用户；如需更换位置，先取下螺钉，再安装到另一侧并拧紧。 为降低人身伤害风险，调整或拆卸/安装附件前务必关闭工具并取下电池组。 不要将工具悬挂在高处，也不要在腰带挂钩上悬挂物体；仅将工具腰带挂钩挂在工作腰带上。 确保固定腰带挂钩的螺钉紧固。 移动腰带挂钩或批头夹时，务必先取下固定螺钉（H），再重新安装到另一侧并拧紧。 切勿将电池组存放在扳机开关锁定在开启状态的工具中，也不要用胶带将扳机开关固定在开启位置。 不要将电池组与散落的钉子、螺丝、钥匙等导电材料放在一起，防止运输时引发火灾或短路。 不要在温度可能达到或超过 105°F（40°C）的场所存放或使用工具和电池组。 损坏的电池组应送回服务中心回收；切勿挤压、跌落或损坏电池组<PIC><PIC><PIC><PIC><PIC><PIC><PIC>。"";[""drill0_01"", ""drill0_02"", ""drill0_03"", ""Manual11_7"", ""drill0_14"", ""drill0_15"", ""drill0_18""]"
129,"""请勿自行添加非制造商推荐的附件，否则可能损坏工具或存在安全隐患。 如需安装钻头或附件，请遵循手册中的步骤（关闭电源、正确握持套筒紧固等）。 如需更换附件，务必锁定扳机开关并断开工具电源<PIC><PIC><PIC><PIC><PIC><PIC><PIC>。"";[""Manual11_9"", ""drill0_01"", ""drill0_02"", ""drill0_03"", ""Manual11_7"", ""drill0_14"", ""Manual11_8""]"
130,"""三年有限保修：电钻本身享有三年有限保修。 其他服务：除保修外，工具还享有""3 年免费服务（其他电池组）”。 保修覆盖：电钻本体在保修期内由制造商提供保修服务。 电池组服务：若电池组被擅自改装，产品保修失效；制造商对改装导致的伤害不承担责任，并将在法律允许范围内追究保修欺诈责任。 充电器安全：所有充电器的重要安全说明需保存（阅读说明、避免液体进入、避免异物、不混用充电器、户外需干燥环境、延长线需足够线径、不放置物品、不拆卸、不连接两个充电器、不超电压使用等）。 若电池组被擅自改装，保修失效。 充电器仅用于配套专业可充电电池组，其他用途可能引发火灾、触电或电击危险。 户外使用需确保干燥环境并使用适合户外的延长线；延长线需满足最小线径要求。 若充电器受损，请勿操作，应送至授权服务中心。 清洁前将充电器从插座拔下可降低触电风险。 切勿将两个充电器连接在一起。 不要将充电器放在柔软表面或靠近热源，以免堵塞通风槽导致过热。 若充电器受过重击或损坏，请勿操作，应送至授权服务中心。 订购替换电池组时，请务必包含产品目录号和电压<PIC>。"";[""Manual11_1""]"
131,"""包装盒内含物品包括： 配有小号表带的手表（颜色和材质仅供参考） 充电线 额外大号表带 健身追踪器出厂已安装小号表带，包装盒内另附一条大号底部表带。 顶部和底部表带均可与配件表带互换，但配件表带需单独购买。 可拆卸表带提供多种颜色和材质，需单独购买。 如需更多信息，请参阅相关帮助文章。 部分功能（如追踪皮肤温度变化）可能受地区限制或需先佩戴3晚建立基准<PIC><PIC><PIC><PIC><PIC><PIC>。"";[""fitness_trackers_01"", ""fitness_trackers_02"", ""fitness_trackers_03"", ""Manual16_35"", ""Manual16_36"", ""Manual16_0""]"
132,"""请将充电线插入电脑的 USB 端口、UL 认证的 USB 墙充充电器或其他低功耗充电设备。 将充电线的另一端靠近手表背面的充电接口，直至磁吸吸附。确保充电线上的金属触点与手表背面的接口对齐。 充电线插入设备后，轻点屏幕两次或按下按钮即可点亮屏幕。 完全充满电大约需要 1-2 小时。 充电时，手表会自动记录睡眠数据。 充电线插入设备后，请确保设备处于开机状态，否则可能无法充电。 充电线插入设备后，请确保设备处于充电状态，否则可能无法充电。 充电线插入设备后，请确保设备处于充电状态，否则可能无法充电。 充电线插入设备后，请确保设备处于充电状态，否则可能无法充电。 充电线插入设备后，请确保设备处于充电状态，否则可能无法充电。 充电线插入设备后，请确保设备处于充电状态，否则可能无法充电。 充电线插入设备后，请确保设备处于充电状态，否则可能无法充电。 充电线插入设备后，请确保设备处于充电状态，否则可能无法充电。 充电线插入设备后，请确保设备处于充电状态，否则可能无法充电。 充电线插入设备后，请确保设备处于充电状态，否则可能无法充电。 充电线插入设备后，请确保设备处于充电状态，否则可能无法充电。 充电线插入设备后，请确保设备处于充电状态，否则可能无法充电。 充电线插入设备后，请确保设备处于充电状态，否则可能无法充电。 充电线插入设备后，请确保设备处于充电状态，否则可能无法充电。 充电线插入设备后，请确保设备处于充电状态，否则可能无法充电。 充电线插入设备后，请确保设备处于充电状态，否则可能无法充电。 充电线插入设备后，请确保设备处于充电状态，否则可能无法充电。 充电线插入设备后，请确保设备处于充电状态，否则可能无法充电。 充电线插入设备后，请确保设备处于充电状态，否则可能无法充电。 充电线插入设备后，请确保设备处于充电状态，否则可能无法充电。 充电线插入设备后，请确保设备处于充电状态，否则可能无法充电。 充电线插入设备后，请确保设备处于充电状态，否则可能无法充电。 充电线插入设备后，请确保设备处于充电状态，否则可能无法充电。 充电线插入设备后，请确保设备处于充电状态，否则可能无法充电。 充电线插入设备后，请确保设备处于充电状态，否则可能无法充电。 充电线插入设备后，请确保设备处于充电状态，否则可能无法充电。 充电线插入设备后，请确保设备处于充电状态，否则可能无法充电。 充电线插入设备后，请确保设备处于充电状态，否则可能无法充电。 充电线插入设备后，请确保设备处于充电状态，否则可能无法充电。 充电线插入设备后，请确保设备处于充电状态，否则可能无法充电。 充电线插入设备后，请确保设备处于充电状态，否则可能无法充电。 充电线插入设备后，请确保设备处于充电状态，否则可能无法充电。 充电线插入设备后，请确保设备处于充电状态，否则可能无法充电。 充电线插入设备后，请确保设备处于充电状态，否则可能无法充电。 充电线插入设备后，请确保设备处于充电状态，否则可能无法充电。 充电线插入设备后，请确保设备处于充电状态，否则可能无法充电。 充电线插入设备后，请确保设备处于充电状态，否则可能无法充电。 充电线插入设备后，请确保设备处于充电状态，否则可能无法充电。 充电线插入设备后，请确保设备处于充电状态，否则可能无法充电。 充电线插入设备后，请确保设备处于充电状态，否则可能无法充电。 充电线插入设备后，请确保设备处于充电状态，否则可能无法充电。 充电线插入设备后，请确保设备处于充电状态，否则可能无法充电。 充电线插入设备后，请确保设备处于充电状态，否则可能无法充电<PIC><PIC><PIC><PIC><PIC><PIC><PIC>。"";[""Manual16_1"", ""Manual16_2"", ""Manual16_35"", ""Manual16_36"", ""fitness_trackers_01"", ""fitness_trackers_02"", ""fitness_trackers_03""]"
133,"""日常佩戴：不运动时，将健身追踪器佩戴在腕骨上方一指宽的位置。 运动佩戴：将表带向上移动以获得更贴合的佩戴效果；如感到不适，请松开表带；若不适持续，请取下手表让手腕休息。 日常佩戴：将表带向上移动，使设备背面与皮肤接触；不运动时佩戴在腕骨上方一指宽处。 运动佩戴：佩戴后若感觉不适，可松开表带；如不适持续，建议取下手表休息。 佩戴位置影响：为提高心率监测准确性，建议将健身追踪器佩戴在惯用手还是非惯用手上（初始默认为非惯用手）。 长时间佩戴后，建议定期取下手表休息约一小时。 洗澡时建议取下手表，以减少接触肥皂、洗发水和护发素的可能性，避免长期损坏手表并可能引起皮肤刺激。 如佩戴在惯用手上，可在健身追踪器应用中更改手腕设置（今日页面 > 健身追踪器卡片 > 手腕 > 惯用手）<PIC><PIC>。"";[""Manual16_4"", ""Manual16_5""]"
134,"""请按照以下步骤将表带扣紧： 1. 将健身追踪器戴在手腕上。 2. 将底部表带穿入顶部表带的第一个环扣。 3. 收紧表带至舒适贴合，将表扣钉按入表带上的其中一个孔。如果使用小号表带的最后两个孔，我们建议更换为大号表带以获得更稳固的佩戴效果。 4. 将表带的松散端穿入第二个环扣，使其平整贴在手腕上。确保表带不要过紧。佩戴时应留有空隙，可在手腕上轻微移动。 将表扣钉按入表带上的孔，并收紧至舒适贴合。 如果使用的是小号表带且孔位已满，建议更换为大号表带。 佩戴时确保表带留有轻微空隙，可在手腕上轻微移动，避免过紧。 佩戴时应留有空隙，可在手腕上轻微移动。 如果表带过紧，建议更换为大号表带<PIC><PIC><PIC><PIC><PIC><PIC><PIC><PIC><PIC>。"";[""Manual16_6"", ""Manual16_7"", ""Manual16_8"", ""fitness_trackers_01"", ""fitness_trackers_02"", ""fitness_trackers_03"", ""Manual16_9"", ""Manual16_10"", ""Manual16_11""]"
135,"""请按照以下步骤正确拆卸表带： 1. 将健身追踪器翻面，找到表带卡扣。 2. 松开卡扣，将扁平按钮向表带方向滑动。 3. 轻轻将表带从手表上拔下。 4. 另一侧重复上述操作。 安装表带时，将其按入手表末端，直至听到“咔嗒”声并卡紧到位。 带环扣和表扣钉的表带安装在手表顶部。 拆下后，建议将表带重新穿回并扣紧，确保佩戴稳固。 拆卸时动作要轻柔，避免损坏表带或手表。 若表带卡扣卡死，可尝试再次确认卡扣位置并稍作用力，必要时联系售后。 如需更换表带，请确认您拥有对应型号（如 Sense、Versa 3、Versa 4）的表带，或单独购买<PIC><PIC><PIC><PIC><PIC><PIC><PIC><PIC><PIC>。"";[""Manual16_9"", ""Manual16_10"", ""Manual16_11"", ""fitness_trackers_01"", ""fitness_trackers_02"", ""fitness_trackers_03"", ""Manual16_6"", ""Manual16_7"", ""Manual16_8""]"
136,"""可通过轻点屏幕、左右滑动或按下按钮操作健身追踪器界面。 不使用时屏幕会熄灭，除非开启常亮显示设置。 轻点屏幕可打开/关闭应用或切换界面。 左右滑动可切换选项或滚动内容。 上下滑动可滚动列表或滚动页面。 按下按钮可执行特定功能（如启动/停止、打开/关闭通知等，具体视当前界面而定）。 如需更多信息，请参阅第23页“调整常亮显示”。 关闭通知后，手机收到通知时手表不会震动且屏幕不会点亮。 若手机开启勿扰设置，关闭前手表不会接收通知。 如界面运行异常，请参照故障排除步骤<PIC><PIC>。"";[""Manual16_29"", ""Manual16_40""]"
137,"""支持接收：来电、短信、日历和应用通知（手机通知）。 支持操作：可点击通知展开查看详情，支持删除单条通知及一次性清除所有通知。 支持设置：可通过健身追踪器应用设置“手腕接打电话”功能。 接收通知：保持手表与手机距离在30英尺以内即可接收通知。 查看与操作：在时钟界面向上滑动查看通知，点击任意通知展开；点击展开后滑动至底部并点击清除删除单条通知；向上滑动至通知底部点击全部清除一次性删除所有通知；退出通知界面可按下按钮或向下滑动。 设置手腕接打：在手机健身追踪器应用的“今日”页面，点击左上角图标→设备图片→手腕通话，按说明完成设置。 通知最多可存储30条，超出后新通知会替换最早的通知。 若需更多信息，可参考相关帮助文章或官网<PIC>。"";[""Manual16_3""]"
138,"""健身追踪器通过内置传感器在用户佩戴状态下，每晚记录皮肤温度，并将当前读数与个人基准（个人历史平均值）进行比较，从而显示差异，帮助用户识别身体变化。 每晚佩戴健身追踪器睡觉。 次日打开健身追踪器应用，进入“今日”页面。 点击“温度”卡片。 查看“昨晚比基准低/高”的数值，以及皮肤温度变化图表；若已手动记录核心温度读数，也会一并显示。 注意：必须连续佩戴3晚才能建立个人皮肤温度基准；部分地区可能不可用。 需连续佩戴3晚才能生成个人皮肤温度基准；首次使用需按说明佩戴。 此功能不用于诊断或治疗疾病，不应用于医疗目的；如有健康疑虑请咨询专业医疗人员。 若发现异常或担心健康风险，请及时联系医疗保健专业人员或拨打急救电话。 、<PIC><PIC><PIC>。"";[""Manual16_35"", ""Manual16_36"", ""Manual16_38""]"
139,"""通过运动应用追踪与分析运动：在健身追踪器上打开运动应用，滑动找到运动类型，点击选择运动，点击播放图标开始运动；运动结束后点击结束显示摘要；可暂停/恢复运动，查看实时数据（心率、消耗卡路里、耗时、手腕运动摘要等）。 自动追踪与分析：开启“自动追踪运动”设置（如步行、跑步、骑行检测），当手表识别到对应运动时自动启动运动应用并记录基本数据。 打开运动应用并滑动找到运动类型；点击选择运动；点击播放图标开始运动，或滑动选择运动目标/调整设置。 实时数据：点击或滑动大数值数据滚动查看实时数据；暂停运动：按下按钮或向上滑动点击暂停图标；恢复运动：再次按下按钮或点击继续图标。 结束运动：点击结束显示运动摘要；点击继续恢复运动，点击新运动开始新运动，或点击完成关闭摘要界面。 自动追踪：打开运动应用，点击步行、跑步或骑行选项，向上滑动开启步行检测、跑步检测或骑行检测；下次手表检测到该运动类型时运动应用会自动打开。 若关闭自动追踪设置，步行、跑步和骑行的基本数据仍会记录在健身追踪器应用中。 运动应用中的运动卡片可显示运动强度地图（如使用 GPS），请查看完整运动数据。 自动追踪功能不用于诊断或治疗任何疾病，不应用于任何医疗目的；如健康有疑虑请咨询医疗保健专业人员<PIC>。"";[""Manual16_41""]"
140,"""健身追踪器通过内置的心率传感器（通常是光电容积脉搏波，PPG）检测手腕皮肤下的血液流动变化来估算心率。 传感器需与皮肤良好接触，并佩戴在手腕上，手臂保持静止伸直片刻后读数更稳定。 确保手表佩戴正确：可在手腕上上下移动手表，或收紧/松开表带，使传感器紧贴皮肤。 保持手臂静止伸直片刻，待心率信号稳定后再查看。 若未检测到信号，请尝试调整佩戴方式或重新校准。 如手表未检测到心率信号，请确保佩戴正确；若仍无法识别，建议重新佩戴或联系支持获取帮助。 信号丢失时可能显示虚线，此时应等待片刻再查看。 如需更多信息，可参考相关帮助文章<PIC><PIC><PIC>。"";[""Manual16_48"", ""Manual16_44"", ""Manual16_45""]"
141,"""仅使用健身追踪器完成消费支付，需满足以下条件： 在支持非接触式支付的商店使用； 手表必须佩戴在手腕上； 手表上已添加至少1张合作银行的信用卡或借记卡； 手表默认卡已设置（如未设置，需先添加卡并设置默认卡）； 支付终端识别到健身追踪器设备。 1) 确认商店支持非接触式支付 查看支付终端上的标志（如""Contactless""等）。 如未识别，请确保表盘靠近读取器，并告知收银员你使用非接触式支付。 2) 打开支付应用 打开手表上的钱包或健身追踪器支付应用。 如提示，输入4位手表PIN码。 3) 选择支付方式 使用默认卡支付：将手腕靠近支付终端。 使用其他卡支付：滑动找到要使用的卡，然后将手腕靠近支付终端。 4) 设置默认卡（如未设置） 在健身追踪器应用的今日页面，点击左上角图标 > 健身追踪器卡片。 点击支付卡片，按说明添加合作银行的信用卡或借记卡。 首次添加卡时，如提示，为手表设置4位PIN码。 添加卡后，按说明开启手机通知（如尚未开启），完成设置。 设置完成后，将手表设为默认卡（如屏幕提示）。 5) 完成支付 将手表靠近支付终端。 如消费金额超过100澳元，按支付终端说明操作（如输入PIN码：输入卡片的PIN码，非手表PIN码）。 支付成功时，手表震动并在屏幕上显示确认信息。 为增加安全性，使用非接触式支付时必须将健身追踪器戴在手腕上。 如支付终端未识别健身追踪器设备，请确保表盘靠近读取器，并告知收银员你使用非接触式支付。 如提示输入PIN码时，输入的是卡片的PIN码（非手表PIN码）。 如手机也开启密码保护，添加卡时可能提示手机也需开启密码保护。 如卡来自澳大利亚以外的银行或希望使用非默认卡支付，需完成上述步骤1-3。 如消费金额超过100澳元，请按照支付终端上的说明操作。 如提示输入PIN码，输入的是卡片的PIN码（非手表PIN码）<PIC><PIC><PIC>。"";[""Manual16_46"", ""Manual16_47"", ""Manual16_38""]"
142,"""常见问题及对应解决方式： 1) 扫描时无法识别或扫描中断： - 原因：手未接触金属边框四边、移动、未保持至少2分钟、设备未开机或电量不足。 - 解决：确保手掌接触金属边框全部四边；保持静止不动；若移开则需重新放置；确认设备已开机且电量充足；如仍失败，可尝试重新放置手或更换设备。 2) 扫描后无法记录感受或跳过： - 原因：未点击“记录感受”或“跳过”。 - 解决：扫描完成后点击“记录感受”或“跳过”以保存数据。 3) 无法查看扫描摘要或详情： - 原因：未查看“扫描摘要”或“更多详情”。 - 解决：向下滑动查看摘要；如需更多信息，点击“更多详情”进入健身追踪器应用查看。 4) 支付终端未识别设备或消费异常： - 原因：设备未靠近读取器、未戴在手腕上、非接触式支付未开启、金额超限等。 - 解决：确保设备表盘靠近读取器；必须将设备戴在手腕上；确认已开启非接触式支付；如金额超过100澳元，按终端提示输入PIN码；如仍无法识别，请告知收银员并尝试重新靠近。 5) 添加/删除支付卡失败或设置未生效： - 原因：未添加合作银行卡、手机未开启密码保护、未开启通知等。 - 解决：在健身追踪器应用中添加至少1张合作银行卡；首次添加可能需设置4位PIN码；确保手机开启密码保护；完成设置后开启手机通知。 6) 身体反应检测后无法记录情绪或查看历史： - 原因：未点击通知打开、未选择情绪或跳过、未查看压力管理卡片。 - 解决：点击通知打开；选择最符合情绪的选项或跳过；查看“压力管理卡片”或相关帮助文章。 7) 高级引导式课程或冥想功能受限： - 原因：非高级版订阅用户。 - 解决：高级版订阅用户可在健身追踪器应用中获取更多引导式冥想；非高级版用户可尝试引导式课程或正念课程（若可用）。 8) 设备未连接或蓝牙断开： - 原因：设备未连接手机、蓝牙断开。 - 解决：重新连接手机与设备；如仍断开，重启设备或手机。 9) 设备损坏或功能异常： - 原因：硬件故障或软件异常。 - 解决：联系官方客服或售后支持获取帮助。 扫描前：打开EDA扫描应用，选择快速重置（2分钟）或引导式课程（最长60分钟）。 扫描中：将手放在屏幕上方，手掌必须接触金属边框全部四边；保持静止至少2分钟。 扫描后：扫描完成设备会震动，点击“记录感受”或“跳过”保存数据。 查看结果：向下滑动查看扫描摘要（反应次数、心率、感受等）；点击“更多详情”查看课程详情。 支付流程：确认商店支持非接触式支付；打开钱包/支付应用；输入4位手表PIN码；将手腕靠近支付终端；如金额>100澳元，按提示输入PIN码；支付成功后手表震动并显示确认信息。 设置支付：在健身追踪器应用中添加至少1张合作银行卡；首次添加可能需设置4位PIN码；完成设置后开启手机通知。 身体反应管理：收到通知后点击打开，选择情绪或跳过；查看“压力管理卡片”或相关帮助文章了解管理方法。 扫描期间必须保持静止，手必须接触金属边框全部四边，否则扫描会暂停。 非接触式支付时，健身追踪器必须戴在手腕上，且设备需靠近读取器。 添加银行卡前确保手机已开启密码保护；完成设置后务必开启手机通知。 高级引导式课程仅限高级版订阅用户；非高级版用户可尝试引导式课程或正念课程。 如支付终端未识别设备，请确保设备靠近读取器并告知收银员使用非接触式支付。 若扫描失败、支付异常或功能受限，优先检查设备连接、电量、佩戴状态及设置；仍无法解决时联系官方客服<PIC><PIC><PIC><PIC>。"";[""Manual16_38"", ""Manual16_46"", ""Manual16_47"", ""Manual16_40""]"
144,"""可通过“健身追踪器应用”在“今日页面”的“健身追踪器卡片”中开启“设备锁”。 开启后，解锁手表需输入个人4位PIN码。 如手表已设置非接触式支付，设备锁会自动开启；如未设置，可手动开启。 1. 下载并安装适用于iPhone、iPad或安卓手机的健身追踪器应用。 2. 打开应用，登录并进入设备设置。 3. 在“健身追踪器应用”的“今日页面”，点击左上角图标 > “健身追踪器卡片”。 4. 找到并点击“设备锁”选项，开启设备锁。 - 若手表已设置非接触式支付，设备锁会自动开启；如未开启，可在此处手动开启。 5. 完成设置后，通读指南以了解新手表信息，并探索健身追踪器应用。 开启设备锁后，解锁手表时必须输入个人4位PIN码。 如不使用非接触式支付，设备锁为可选设置；如使用，则必须设置密码。 若需重置PIN码，可在“健身追踪器应用”的“今日页面”点击左上角图标 > “健身追踪器卡片”，进入“设备锁”进行重置操作<PIC>。"";[""Manual16_3""]"
145,"""问题 1 / 问题 2 请查阅冰箱冰柜的安装手册或用户说明书，获取完整的使用指南<PIC><PIC>。"";[""Manual17_18"", ""Manual17_27""]"
146,给冰箱连接电源时，需要做到哪些注意事项？ 必须按照安装说明正确安装与放置冰箱冰柜。 连接电源前需检查墙壁插座是否牢固，若松动请勿插入插头。 切勿拉扯电源线拔下冰箱插头，务必握紧插头直接从插座拔出。 切勿用湿布清洁插头，清除电源插脚上的异物。 若电器长期不使用，请拔下电源插头。 拔下电器插头后，至少等待 5 分钟再重新插入插座。 切勿将玻璃制品放入冷冻室，内部液体结冰可能导致破裂。 切勿直接向冰箱冰柜内外喷水，有爆炸或火灾风险。 切勿湿手插拔电源插头，以免触电。 请勿将冰箱冰柜安装在潮湿或易被水溅到的地方，水可能渗入电气部件引发火灾、触电或损坏。 若墙壁插座松动，请勿插入电源插头，可能引发触电或火灾。 拔下电器插头后，冷冻室异常运行可能导致物品损坏。 冰箱冰柜使用的制冷剂及绝缘材料气体需要特殊处理，废弃前确保电器背部管道无损坏。 连接电源时，先确认墙壁插座稳固，再插入插头。 拔下插头时握紧插头，直接拔出，避免拉扯电源线。 清洁插头前必须断电，且严禁使用湿布擦拭。 长期不用时务必拔掉插头，防止绝缘层老化引发火灾。 重新插拔插头后，必须等待至少 5 分钟。 严禁在冷冻室表面触摸（尤其是手部潮湿时），防止皮肤粘连。 严禁向冰箱内外喷水，严禁将玻璃制品放入冷冻室。 严禁在潮湿或易溅水区域安装冰箱。 废弃电器前，需确保背部管道无损坏，并按规定处理制冷剂及绝缘材料气体。 所有安全提示前均会标注“危险”、“警告”或“注意”等警示词，不遵守说明可能导致死亡或重伤。 若墙壁插座松动，切勿插入插头，否则可能引发触电或火灾。 切勿湿手插拔电源插头，以免触电。 切勿将手伸入电器底部区域，尖锐边缘可能造成人身伤害。 拔下电器插头后，至少等待 5 分钟再重新插入插座。 切勿将玻璃制品放入冷冻室，内部液体结冰可能导致破裂。 切勿直接向冰箱冰柜内外喷水，有爆炸或火灾风险。 切勿将冰箱冰柜安装在潮湿或易被水溅到的地方，水可能渗入电气部件，引发火灾、触电或损坏。 若电器长期不使用，请拔下电源插头，绝缘层老化可能引发火灾。 冰箱冰柜使用的制冷剂及绝缘材料气体需要特殊处理，废弃前确保电器背部管道无损坏。 切勿拉扯电源线拔下冰箱插头，否则可能导致电线断开、短路，引发触电或火灾。 只需告诉我手册中的前五条。
153,"""加油时务必关闭发动机；严禁吸烟或靠近明火；注意不要将燃油洒在发动机或消音器上。 如不慎吞入燃油、吸入燃油蒸汽或燃油入眼，请立即就医；如燃油溅到皮肤或衣物上，请立即用肥皂水清洗并更换衣物。 操作或运输发电机时，请务必保持机身直立；如发生倾斜，燃油可能从化油器或油箱泄漏。 运输发电机时，请务必拧紧油箱盖通气旋钮。 加油前：关闭发动机，远离火源，避免燃油接触发动机或消音器。 运输安全：保持机身直立，倾斜时防止泄漏；拧紧油箱盖通气旋钮。 应急处理：若发生吸入、接触或吞食风险，立即就医；皮肤/衣物污染用肥皂水清洗并更换衣物。 维护提示：如对本手册有任何疑问，请咨询发电机经销商。 严格遵守安全警示符号（注意！提高警惕！事关您的人身安全！），不遵守警告说明可能导致重伤甚至死亡。 更换时仅使用发电机指定原厂配件，详情请咨询授权发电机经销商。 本手册应视为发动机的永久组成部分，转售时应随机器一并移交<PIC><PIC><PIC>。"";[""generator_20"", ""generator_21"", ""generator_03""]"
154,"""发电机运行时若发动机和消音器发烫，必须将其放置在行人或儿童不易触碰的地方，并远离易燃物，同时保持与建筑物或其他设备至少1米（3英尺）的距离。 运行时避免在排气口附近放置任何易燃物品。 避免在防尘罩覆盖下运行发动机。 务必仅通过提手搬运发电机。 将发电机存放在干燥、通风良好的地方，并盖上防护罩。 发电机存放、搬运及运行时必须保持直立。 如对本手册有任何疑问，请咨询发电机经销商。 不遵守警告说明可能导致发动机操作人员、旁观者或检修人员重伤甚至死亡。 注意标识提示必须采取特别预防措施，以免损坏发动机。 如对本手册有任何疑问，请咨询发电机经销商<PIC><PIC><PIC><PIC><PIC><PIC><PIC><PIC><PIC><PIC><PIC><PIC><PIC>。"";[""generator_04"", ""Manual18_8"", ""Manual18_9"", ""Manual18_10"", ""Manual18_11"", ""Manual18_69"", ""Manual18_49"", ""Manual18_50"", ""generator_25"", ""generator_26"", ""Manual18_51"", ""Manual18_52"", ""Manual18_53""]"
155,"""日常使用中防止发电机触电的核心措施是：严禁雨雪天气运行发动机；严禁湿手触碰发电机；务必对发电机进行接地，并使用足够载流量的接地导线。 雨雪天气：切勿在雨雪中运行发动机，以防漏电导致触电。 湿手操作：切勿湿手触碰发电机，否则会触电。 接地要求：务必对发电机进行接地；若使用足够载流量的接地导线，可进一步降低触电风险。 接地导线必须使用足够载流量的导线，否则可能引发接地故障并增加触电风险。 若对接地方式或载流量有疑问，请咨询发电机经销商。 本手册内容可能因产品迭代存在细微差异，如有疑问请咨询经销商<PIC><PIC><PIC><PIC>。"";[""Manual18_12"", ""Manual18_13"", ""Manual18_14"", ""Manual18_15""]"
156,"""步骤：关闭发动机 → 取下燃油开关旋钮盖板 → 使用专用拨杆供油 → 装回盖板 → 检查供油是否顺畅。 关闭发动机，确保机器处于停止状态。 取下燃油开关旋钮盖板（盖板①），露出内部燃油开关拨杆。 使用专用燃油开关拨杆供油（若无法转动，可用该拨杆供油）。 装回燃油开关旋钮盖板。 检查供油是否顺畅，如有异常请停止供油并联系经销商。 加油时务必关闭发动机，严禁吸烟或靠近明火。 加油时注意不要将燃油洒在发动机或消音器上；如不慎吞入、吸入或入眼，请立即就医。 如燃油溅到皮肤或衣物上，请立即用肥皂水清洗并更换衣物。 操作或运输发电机时，请务必保持机身直立；如发生倾斜，燃油可能从化油器或油箱泄漏。 运输发电机时，请务必拧紧油箱盖通气旋钮。 燃油开关旋钮若无法转动，可使用专用拨杆供油。 本手册应视为发动机的永久组成部分，转售时应随机器一并移交<PIC><PIC><PIC><PIC><PIC>。"";[""Manual18_19"", ""Manual18_20"", ""generator_20"", ""generator_21"", ""generator_03""]"
157,"""加油前必须关闭发动机。 严禁吸烟或靠近明火。 注意不要将燃油洒在发动机或消音器上。 如不慎吞入燃油、吸入燃油蒸汽或燃油入眼，请立即就医。 如燃油溅到皮肤或衣物上，请立即用肥皂水清洗并更换衣物。 操作或运输发电机时，请务必保持机身直立。 如发生倾斜，燃油可能从化油器或油箱泄漏。 运输发电机时，请务必拧紧油箱盖通气旋钮。 在加油前，先关闭发动机。 在加油过程中，保持机身直立，避免倾斜导致燃油泄漏。 运输发电机时，确保机身直立，并拧紧油箱盖通气旋钮以防泄漏。 若发现燃油泄漏，应停止使用并联系专业人员处理。 加油时严禁吸烟或靠近明火，防止火灾。 如发生燃油吸入、吸入蒸汽或入眼，立即就医。 如燃油溅到皮肤或衣物上，立即用肥皂水清洗并更换衣物。 如发生倾斜，燃油可能从化油器或油箱泄漏，需立即停止使用并联系专业人员。 如不慎吞入燃油或吸入燃油蒸汽，请立即就医<PIC><PIC><PIC>。"";[""generator_20"", ""generator_21"", ""generator_03""]"
158,"""- 若需准确步骤，建议咨询发电机经销商或查阅完整的手册<PIC><PIC><PIC><PIC><PIC><PIC><PIC>。"";[""Manual18_24"", ""Manual18_69"", ""generator_04"", ""Manual18_8"", ""Manual18_9"", ""Manual18_10"", ""Manual18_11""]"
159,连接交流电前，必须确保交流电开关处于“关闭”状态，且发电机未处于运行状态。 操作过程中需严格遵守安全警示符号，防止人身伤害。 1. 检查交流电开关状态：确认交流电开关处于“关闭”位置，确保发电机未通电运行。 2. 断开连接：在确认无电后，断开发电机与外部交流电源的连接。 3. 佩戴防护装备：操作时请佩戴绝缘手套、护目镜等个人防护装备。 4. 遵循警示标识：注意发电机厂商的安全警示符号，如“注意！提高警惕！事关您的人身安全！”等，不遵守警告说明可能导致重伤甚至死亡。 5. 咨询专业人士：如对本操作有任何疑问，请咨询发电机经销商。 不遵守警告说明可能导致发动机操作人员、旁观者或检修人员重伤甚至死亡。 注意标识提示必须采取特别预防措施，以免损坏发动机。 本手册应视为发动机的永久组成部分，转售时应随机器一并移交。 发电机厂商持续致力于产品设计与品质的改进，但手册内容可能存在细微差异，建议咨询经销商。
160,"""未提及第二种开关的名称或具体功能。 请咨询发电机经销商以获取准确开关名称及操作说明。 若涉及直流保护器断开，需确保负载降至发电机额定输出范围内<PIC><PIC>。"";[""Manual18_33"", ""Manual18_34""]"
161,请向发电机经销商咨询以获取准确的标识查找与记录位置。
162,"""使用发电机直流保护器时，需按说明书操作并遵守安全警示，防止误复位、电池爆炸及人员伤害。 直流保护器仅在负载超过发电机额定输出时自动断开，用于过载保护。 若需复位，必须按下保护器上的“复位”按钮，复位后“断开”状态恢复（即再次按下可复位）。 电池充满电时，电解液比重应在 1.26 至 1.28 之间；建议每小时检查一次比重。 充电时严禁吸烟，严禁在电池处连接或断开线路，防止火花点燃电池产生的气体。 电池电解液有毒且具有腐蚀性，会造成严重灼伤；避免接触皮肤、眼睛或衣物。 电池产生易爆气体，应远离火花、明火、香烟等；在密闭空间充电或使用时请通风。 操作电池时务必佩戴护目镜。 请放置在儿童接触不到的地方。 不遵守警告说明可能导致发动机操作人员、旁观者或检修人员重伤甚至死亡。 注意标识提示必须采取特别预防措施，以免损坏发动机。 本手册应视为发动机的永久组成部分，转售时应随机器一并移交。 如对本手册有任何疑问，请咨询发电机经销商<PIC><PIC><PIC><PIC>。"";[""generator_08"", ""Manual18_38"", ""Manual18_39"", ""generator_09""]"
163,"""使用发电机前，必须对发动机机油进行使用前检查，确保其处于上限位置且符合推荐等级。 将机器放置在水平面上，暖机数分钟，然后停机。 将燃油开关旋钮置于“关闭”位置，顺时针拧紧油箱盖通气旋钮。 取下盖板①。 从发电机底部拆下放油接头①，打开机油加注口盖。 将放油接头①安装到机油加注口。 在发动机下方放置接油盘，倾斜发电机将机油完全排空。 添加发动机机油至上限位置。 推荐发动机机油等级：API 标准 SE 级或 SF 级。 从机油加注口拆下放油接头。 每次使用发电机前均应进行使用前检查。 添加机油时请确保油量达到上限位置。 若机油不足或状态异常，请添加符合推荐等级的机油并重新检查<PIC><PIC><PIC><PIC><PIC><PIC><PIC><PIC><PIC><PIC>。"";[""Manual18_49"", ""Manual18_50"", ""generator_25"", ""generator_26"", ""Manual18_51"", ""Manual18_52"", ""Manual18_53"", ""generator_17"", ""generator_18"", ""Manual18_69""]"
164,"""手册中提到的最后步骤（如清洁、防锈、存放直立等）属于“发动机及消音器可能高温发烫”章节，与“启动发动机”章节的启动流程不同。 若需获取启动的最后三个步骤，建议直接联系发电机经销商或查阅该手册中“启动发动机”章节的完整操作说明<PIC><PIC><PIC><PIC><PIC><PIC><PIC>。"";[""Manual18_24"", ""Manual18_69"", ""generator_04"", ""Manual18_8"", ""Manual18_9"", ""Manual18_10"", ""Manual18_11""]"
165,若需继续充电，请参照发电机厂商提供的专用充电设备或说明书操作。 如无法获取该信息，建议直接联系发电机经销商获取专业指导。
166,"""请关闭点火开关，使点火电路切断，从而停机。 1. 找到发动机开关（控制点火系统的部件）。 2. 将发动机开关切换至“停止”位置（标识为“⊗”）。 3. 此时点火电路切断，发动机将停机。 请确保发电机放置在行人或儿童不易触碰的地方，避免高温部件烫伤。 运行时避免在排气口附近放置任何易燃物品。 务必仅通过提手搬运发电机，不要使用脚踩或拖拽。 发动机及消音器可能高温发烫，若发动机过热，请将其放置在行人或儿童不易触碰的地方，并确保与建筑物或其他设备保持至少1米（3英尺）距离。 不要将发电机存放在防尘罩覆盖下运行。 发电机存放、搬运及运行时必须保持直立。 如对本手册有任何疑问，请咨询发电机经销商<PIC><PIC><PIC><PIC><PIC><PIC><PIC>。"";[""generator_04"", ""Manual18_8"", ""Manual18_9"", ""Manual18_10"", ""Manual18_11"", ""generator_06"", ""Manual18_69""]"
167,"""根据手册建议，使用发电机前需进行火花塞检查，并定期拆卸检查。 1. 取下盖板①。 2. 检查火花塞是否变色并清除积碳。 3. 检查火花塞型号及间隙。 4. 安装火花塞。 5. 安装盖板。 每次使用发电机前均应进行使用前检查。 若发现火花塞变色或积碳，应清除后再重新检查型号与间隙。 更换火花塞后需重新安装盖板并按规定进行后续检查<PIC><PIC><PIC><PIC><PIC>。"";[""Manual18_44"", ""Manual18_45"", ""Manual18_46"", ""Manual18_47"", ""Manual18_48""]"
168,"""资料中给出的完整步骤为： 1. 将机器放置在水平面上，暖机数分钟，然后停机，将燃油开关旋钮置于“关闭”位置，顺时针拧紧油箱盖通气旋钮。 2. 取下盖板①。 3. 从发电机底部拆下放油接头①，打开机油加注口盖。 4. 将放油接头①安装到机油加注口。 5. 在发动机下方放置接油盘，倾斜发电机将机油完全排空。 6. 添加发动机机油至上限位置。 7. 从机油加注口拆下放油接头。 由于未明确“前六个步骤”的定义，无法直接列出前六步。 请向发电机经销商或查阅设备特定手册确认“前六个步骤”的具体定义。 若需实际操作，请严格按照完整7步流程执行，并遵守安全警示（如参考4中的安全警示符号）<PIC><PIC><PIC><PIC><PIC><PIC><PIC><PIC><PIC><PIC>。"";[""Manual18_49"", ""Manual18_50"", ""generator_25"", ""generator_26"", ""Manual18_51"", ""Manual18_52"", ""Manual18_53"", ""generator_17"", ""generator_18"", ""Manual18_69""]"
169,"""若滤芯已损坏或无法修复，建议联系发电机经销商更换新滤芯。 如滤芯已上油，请参照“用溶剂清洗滤芯并晾干”步骤重新清洗，并确认无滴油后再装入。 若滤芯未上油，请先上油并挤出多余机油，确保滤芯湿润但不滴油。 组装时务必确保滤芯密封面与空气滤清器贴合，无漏气<PIC><PIC><PIC>。"";[""Manual18_62"", ""Manual18_63"", ""Manual18_64""]"
170,"""您好，当前还无法准确定位对应的说明书内容。请补充产品名称、型号、故障现象或图片，我再继续帮您查询<PIC><PIC><PIC><PIC><PIC><PIC><PIC><PIC><PIC>。"";[""generator_28"", ""generator_29"", ""Manual18_65"", ""Manual18_69"", ""generator_04"", ""Manual18_8"", ""Manual18_9"", ""Manual18_10"", ""Manual18_11""]"
171,"""请按照以下步骤正确操作排空燃油： 1. 打开油箱盖。 2. 使用市售手动虹吸管将油箱内燃油排入合格汽油容器。 3. 装回油箱盖。 打开油箱盖后，使用市售手动虹吸管将油箱内燃油排入合格汽油容器，然后装回油箱盖。 操作时务必关闭发动机，防止燃油泄漏。 加油时严禁吸烟或靠近明火。 加油时注意不要将燃油洒在发动机或消音器上。如不慎吞入燃油、吸入燃油蒸汽或燃油入眼，请立即就医。如燃油溅到皮肤或衣物上，请立即用肥皂水清洗并更换衣物。 操作或运输发电机时，请务必保持机身直立。如发生倾斜，燃油可能从化油器或油箱泄漏。运输发电机时，请务必拧紧油箱盖通气旋钮。 排空燃油后，请确保油箱盖已完全关闭，以防燃油泄漏。 若发现燃油泄漏，请立即停止使用并联系专业维修人员。 本手册中特别重要的信息通过安全警示符号标识，请严格遵守<PIC><PIC><PIC>。"";[""generator_20"", ""generator_21"", ""generator_03""]"
172,在使用便携式发电机为对电压敏感的精密设备（如医疗设备、个人电脑、检测峰值/有效值电压的逆变器）供电前，必须确保总负载在发电机额定输出范围内，并咨询精密设备供应商。 1. 检查发电机额定输出，确保总负载在其允许范围内，否则可能损坏发电机。 2. 若设备对电压敏感，需比便携式发电机提供更稳定的电压供应，使用前请咨询精密设备供应商。 3. 如对本手册有任何疑问，请咨询发电机经销商。 不遵守警告说明可能导致发动机操作人员、旁观者或检修人员重伤甚至死亡。 注意标识提示必须采取特别预防措施，以免损坏发动机。 本手册应视为发动机的永久组成部分，转售时应随机器一并移交。
173,"""资料仅包含摩托艇在拖曳速度下的操控特性（如靠岸、转向、直线行驶等），未定义划船/钓鱼场景下的这三种速度概念。 拖曳速度：通常指船体被拖拽或牵引时的速度，在摩托艇练习中用于教授靠岸、停靠或接近物体时的操控技巧（如参考1所述）。 半滑航速度：在划船或钓鱼场景中，一般指船在阻力较大（如逆风、逆流、有负载）时仍能保持一定前进速度的状态，但尚未进入全速滑行状态。 滑航速度：指船在阻力极小、几乎无推进或仅靠惯性维持运动的状态，常用于短距离滑行或特定战术。 不同场景下的应用差异： - 摩托艇：侧重拖曳速度下的直线行驶、大8字转向、观察周围人员/物体等。 - 划船/钓鱼：更关注逆风/逆流下的速度维持、航向稳定性、负载下的操控响应等，资料未提供具体定义或对比技巧。 资料未区分“拖曳速度”在划船/钓鱼场景中的具体含义，也未提供半滑航速度或滑航速度的操作指南。 若需划船/钓鱼场景下的具体技巧，建议查阅相关划船或钓鱼专项教材，或提供额外资料以便进一步分析<PIC>。"";[""Manual40_19""]"
174,"""必须在水深至少60厘米（2英尺）且无杂草杂物、无石子/沙粒进入喷射口的水域练习； 练习前确认油门与转向操控正常，并阅读《用户/操作手册》； 落水后保持冷静，先扶正倾覆的摩托艇，再尝试登艇； 登艇后站稳、收紧身体、保持平衡，避免急转弯或让他人难以避让的操作。 将摩托艇放入水中，站立在艇旁操作； 若摩托艇已倾覆，先扶正艇体，再逐步靠近并登艇； 登艇后站稳，收紧核心，保持身体稳定，避免分心寻找操控装置； 练习中持续观察周围人员、物体及其他船只，确保安全距离； 切勿在水深不足60厘米的水域操作，否则石子或沙子可能被吸入喷射口，导致叶轮损坏或发动机过热。 本练习指南不能替代《用户/操作手册》或摩托艇上的标识； 碰撞事故造成的伤亡人数多于个人摩托艇（PWC）的任何其他事故类型； 避免碰撞：持续观察周围人员、物体及其他船只； 以安全速度谨慎驾驶，与人员、物体及其他船只保持安全距离； 不要紧跟在其他摩托艇或船只后方； 不要靠近他人并向其喷水或溅水； 避开有水下障碍物或浅水区的区域； 不要急转弯或其他让他人难以避让或判断你行驶方向的操作； 转向需要油门动力，启动前务必检查油门与转向操控是否正常； 遵守适用于摩托艇的航行规则与当地法规； 练习前完整阅读本指南，并在练习前再次阅读对应章节； 每项练习都建立在已学技能之上，切勿跳步练习<PIC>。"";[""Manual40_0""]"
175,"""在滑航速度下急转弯时，必须同时加大油门以维持转向稳定性与操控性。 操作要点：保持油门持续施压，避免松开；转向与加速同步进行；注意高速下滑速度带来的侧滑或部分自旋风险。 在高速下滑航速度下急转弯时，转向同时必须加大油门。 持续观察周围人员、物体及其他船只，留意影响视线或遮挡视野的环境状况。 以安全速度谨慎驾驶，与人员、物体及其他船只保持安全距离；不要紧跟在其他摩托艇或船只后方。 避免急转弯或其他让他人难以避让或判断你行驶方向的操作。 启动前务必检查油门与转向操控是否正常。 本练习指南不能替代《用户/操作手册》或摩托艇上的标识。 急转弯可能导致艇体侧滑或部分自旋，需保持稳定。 不要松开油门手柄进行转向。 遵守适用于摩托艇的航行规则与当地法规<PIC>。"";[""Manual40_0""]"
176,"""完成大椭圆转弯、绕圈和8字行驶时，核心技巧是：在“半滑航速度”下保持平稳油门与转向配合；避免急转弯；在转向时不松油门；利用 RiDE 系统辅助低速/倒车/靠岸；提前观察与保持安全距离；结合“大8字路线”逐步缩小尺寸练习。 若资料不足以提供针对“如何同时保持操控性和稳定性”的具体稳定性技巧（如重心控制、风浪应对等），则 速度控制：逐渐加速至半滑航速度，保持速度平稳，避免急加速或急减速。 转弯与转向： - 大椭圆转弯：保持速度平稳右转/左转，不松油门；转向需要油门动力。 - 绕圈：在稳定半滑航速度下持续转向，不松油门。 - 8 字行驶：结合上述训练完成大 8 字路线，随后重复训练，每次缩小 8 字尺寸。 安全与避障：持续观察周围人员、物体及其他船只；留意影响视线或遮挡视野的环境状况；避开有水下障碍物或浅水区的区域；不要紧跟在其他摩托艇或船只后方；不要靠近他人并向其喷水或溅水。 特殊配置提示： - EX：避免急转弯或其他让他人难以避让或判断你行驶方向的操作。 - EX Sport：同上。 - EX Deluxe：避免急转弯、通过强力握紧 RiDE 手柄快速减速、以及其他让他人难以避让或判断你行驶方向的操作；RiDE 系统并非用于规避危险的制动装置。 起步与操控检查：启动前务必检查油门与转向操控是否正常；遵守适用于摩托艇的航行规则与当地法规。 练习顺序：每项练习都建立在已学技能之上，切勿跳步练习；从练习 1 开始分步练习驾驶，练习 9 将帮助你学习搭载乘客所需的技能。 本练习指南不能替代《用户/操作手册》或摩托艇上的标识；碰撞事故造成的伤亡人数多于个人摩托艇（PWC）的任何其他事故类型。 摩托艇及其他船只没有刹车装置，转向需要油门动力；急转弯时不要松开油门。 尽早采取行动避免碰撞；在转向避开物体时不要松开油门。 始终牢记：这些练习只是入门指导，必须结合常识、良好判断力以及后续驾驶中积累的技能与知识。 若资料不足以回答“如何同时保持操控性和稳定性”的具体技巧，则<PIC><PIC><PIC>。"";[""Manual40_22"", ""Manual40_0"", ""Manual40_24""]"
177,"""中低速转弯必须持续加油门，不能松开油门； 通过微调车把（配合油门）配合尾部喷射推力喷嘴角度来改变方向； 保持安全距离、避免急转弯和急减速，确保转向时他人能判断你的行驶方向。 中低速转弯时，始终保持油门开启，利用油门动力转向； 转动车把改变尾部喷射推力喷嘴②角度，从而改变行驶方向； 转向时不要松开油门，否则转向需要动力； 启动前检查油门与转向操控是否正常。 持续观察周围人员、物体及其他船只，留意影响视线或遮挡视野的环境状况； 不要紧跟在其他摩托艇或船只后方，不要靠近他人并向其喷水或溅水； 避开有水下障碍物或浅水区的区域； 避免急转弯或其他让他人难以避让或判断你行驶方向的操作（如 RiDE 系统快速减速、强力握紧手柄等）； 遵守适用于摩托艇的航行规则与当地法规<PIC><PIC>。"";[""Manual40_0"", ""Manual40_20""]"
178,"""拖曳速度下直行：启动发动机后保持直线行驶，不加油门，持续观察周围人员、物体及其他船只，保持安全距离。 转弯：做长约15–21米（50–70英尺）的大""8""字路线，不加油门；转向时不要松开油门手柄，转向需要动力。 启动发动机后，直线行驶，观察周围人员、物体及其他船只。 开始转向，做长约15–21米（50–70英尺）的大""8""字路线，不加油门。 持续观察周围人员、物体及其他船只，留意影响视线或遮挡视野的环境状况。 以安全速度谨慎驾驶，与人员、物体及其他船只保持安全距离。 不要紧跟在其他摩托艇或船只后方。 不要靠近他人并向其喷水或溅水。 避开有水下障碍物或浅水区的区域。 急转弯或其他让他人难以避让或判断你行驶方向的操作（如快速减速、强力握紧 RiDE 手柄等）应避免；RiDE 系统主要用于减速及低速操控（如下水、靠岸、停靠码头），并非用于规避危险的制动装置。 转向时不要松开油门手柄，转向需要油门动力。 启动摩托艇前务必检查油门与转向操控是否正常。 遵守适用于摩托艇的航行规则与当地法规。 本练习指南不能替代《用户/操作手册》或摩托艇上的标识。 碰撞事故造成的伤亡人数多于个人摩托艇（PWC）的任何其他事故类型，务必谨慎驾驶。 摩托艇及其他船只没有刹车装置，转向需要动力，急转弯需谨慎。 尽早采取行动避免碰撞，不要分心寻找操控部件。 每项练习都建立在已学技能之上，切勿跳步练习；熟练后再进行下一项练习。 本练习旨在让你感受艇体特性并熟悉不同使用模式下的操作方式，仅为入门指导<PIC><PIC>。"";[""Manual40_19"", ""Manual40_0""]"
179,"""摩托艇无独立制动系统，全加速行驶时无法“平稳停稳”，只能依靠水阻或 RiDE 手柄喷射减速来降低速度并滑行一段距离后停止。 若需减速停车：松开油门手柄，摩托艇立即减速并滑行；握紧 RiDE 手柄可缩短滑行距离（约缩短 30%），但仍受艇重、水面状况、风向等影响。 若不确定能否在障碍物前及时停下：可加油门并转向避让，避免急停。 停车后：艇体完全停止需滑行约 90 米（300 英尺），具体受总重量、水面状况、风向等因素影响。 摩托艇未配备独立制动系统，全加速时不能“平稳停稳”。 转向时始终加油门，因转向需动力；急转弯或快速操作易导致他人难以避让。 避免紧跟他人、靠近他人喷水、避开浅水区及水下障碍物。 遵守当地航行规则与法规；本指南不能替代《用户/操作手册》或艇体标识<PIC><PIC><PIC>。"";[""Manual40_0"", ""Manual40_20"", ""Manual40_21""]"
180,"""持续观察周围人员、物体及其他船只，留意影响视线或遮挡视野的环境状况。 以安全速度谨慎驾驶，与人员、物体及其他船只保持安全距离。 不要紧跟在其他摩托艇或船只后方。 不要靠近他人并向其喷水或溅水。 避开有水下障碍物或浅水区的区域。 避免急转弯或其他让他人难以避让或判断你行驶方向的操作（如 RiDE 系统快速减速、强力握紧 RiDE 手柄等）。 转向时不要松开油门手柄，转向需要油门动力。 启动前检查油门与转向操控是否正常。 遵守适用于摩托艇的航行规则与当地法规。 本指南为入门指导，需结合常识、良好判断力及后续技能使用；练习前请完整阅读指南并在练习前再次阅读对应章节。 每项练习应建立在已学技能之上，切勿跳步练习，反复练习直至熟练。 本练习指南不能替代《用户/操作手册》或摩托艇上的标识。 碰撞事故造成的伤亡人数多于个人摩托艇（PWC）的任何其他事故类型。 摩托艇及其他船只没有刹车装置，转向时不要松开油门。 不要跟随他人，避免靠近他人并向其喷水或溅水。 避免急转弯或让他人难以避让的操作。 若 RiDE 系统用于减速及低速操控（如下水、靠岸、停靠码头）时提供辅助，但并非用于规避危险的制动装置。 更多信息参见《用户手册》<PIC>。"";[""Manual40_0""]"
181,"""- - 若水泵发动机为特定型号，请以该型号官方停机手册为准。 若资料不足以回答，请说明“”<PIC><PIC><PIC><PIC><PIC><PIC><PIC><PIC><PIC><PIC><PIC><PIC><PIC><PIC>。"";[""Manual31_16"", ""Manual31_17"", ""Manual31_18"", ""Manual31_25"", ""Manual31_26"", ""Manual31_27"", ""Manual31_28"", ""Manual31_29"", ""pump_13"", ""pump_14"", ""pump_15"", ""Manual31_39"", ""Manual31_40"", ""Manual31_7""]"
182,"""请提供水泵的具体型号或参考更详细的部件清单/技术规格文档。 若仅基于<PIC><PIC>。"";[""pump_16"", ""pump_17""]"
183,"""若滤网损坏，需更换而非清洗。 清洗后务必彻底擦干再装回，防止进水。 若无法获取具体工具或溶剂信息，建议参考设备手册或联系厂家<PIC>。"";[""Manual31_32""]"
184,"""请确认该水泵是否具备排放燃油功能及对应的安全操作要求；若无明确说明，请勿擅自操作。 若需执行排放燃油操作，请参照产品手册（如 ）及发动机无法启动章节中关于燃油系统的通用安全规范<PIC><PIC><PIC><PIC><PIC><PIC>。"";[""Manual31_41"", ""pump_13"", ""pump_14"", ""pump_15"", ""Manual31_39"", ""Manual31_40""]"
185,"""水泵无法抽水的可能原因：软管接头/卡箍松动、O 形圈或垫片损坏、机械密封损坏、滤网堵塞或安装不当、燃油系统问题（化油器/油箱/管路）、机油不足、电气系统故障（点火系统、发动机开关位置）、活塞/气缸磨损或气缸盖螺母松动。 有效诊断步骤：先排除外部与易耗件，再检查燃油与机油，最后检查电气与机械结构。 解决措施：按对应原因执行紧固/更换/清洗/加注/更换等操作；若涉及机械密封或内部磨损，建议咨询经销商。 1) 软管接头或卡箍松动 现象：水泵不抽水或抽水不稳定。 解决：拧紧软管接头和卡箍；若松动严重，更换软管或卡箍。 注意：确保安装牢固，避免进气导致无法抽水。 2) O 形圈或垫片损坏 现象：水泵不抽水或抽水不稳定。 解决：更换损坏的 O 形圈或垫片。 注意：更换时确保密封良好，防止漏水或漏油。 3) 机械密封损坏 现象：水泵不抽水或抽水不稳定。 解决：联系经销商更换机械密封。 注意：非专业人员不建议自行拆解维修。 4) 滤网堵塞或安装不当 现象：水泵不抽水或抽水不稳定。 解决： - 检查滤网是否堵塞，必要时清洗或更换。 - 确认滤网孔径符合规范：YP20G 使用直径 50 毫米（2 英寸）吸水口；YP30G 使用直径 80 毫米（3 英寸）吸水口，滤网孔径均不大于 8 毫米（0.31 英寸）。 - 确保滤网安装到位、无扭曲，避免进气。 注意：安装滤网前务必安装，否则会损坏水泵。 5) 燃油系统问题 现象：水泵不抽水或抽水不稳定。 解决： - 油箱无油：添加燃油。 - 燃油管路堵塞：清洗燃油管路。 - 燃油开关有异物：清洗燃油开关。 - 化油器堵塞：清洗化油器。 注意：若发动机熄火或无法启动，将发动机开关置于""ON""，拉动反冲启动器；若机油警告灯闪烁数秒，表示机油不足，添加机油后重新启动。 6) 机油不足 现象：发动机无法启动或无法再次启动。 解决：检查并添加发动机机油至规定油位。 注意：不补充机油则无法再次启动。 7) 电气系统故障 现象：发动机无法启动或启动困难。 解决： - 发动机开关未置于""ON""：将其置于""ON""。 - 火花弱/火花塞积碳或受潮：清除积碳或擦干火花塞。 - 点火系统故障：联系经销商。 注意：若机油警告灯闪烁数秒，添加机油后重新启动。 8) 压缩压力不足 现象：发动机无法启动或启动困难。 解决： - 活塞及气缸磨损：联系经销商。 - 气缸盖螺母松动：正确拧紧螺母。 - 垫片损坏：更换垫片。 注意：涉及机械结构或内部磨损时，建议咨询经销商<PIC><PIC><PIC><PIC><PIC><PIC>。"";[""Manual31_6"", ""pump_13"", ""pump_14"", ""pump_15"", ""Manual31_39"", ""Manual31_40""]"
186,"""可通过“设置日期和时间”功能设定日期（年、月、日）； 可通过“调整程序日程”功能设定“起床、离家、回家、睡眠”等时段及对应温度； 按“主页键”保存设置并返回主界面。 1) 设置日期和时间 按菜单键进入设备菜单，显示 PROG。 按选择键进入日期设置。 按+或-调整年份。 按选择键进入月份设置。 按+或-调整月份。 按选择键进入日期设置。 按+或-调整日期。 按选择键保存并退出。 2) 设置程序日程与温度 按温控器上的菜单键进入设备菜单，显示 PROG。 按选择键进入“调整程序日程”。 按选择键进入“开启”时段（起床、离家、回家、睡眠）。 按选择键进入要编辑的日期或日期组。 按选择键进入要编辑的日程时段（起床、离家、回家、睡眠）。 按+或-选择要编辑的日程时段。 按选择键。 按+或-选择要编辑的日期或日期组。 按选择键。 按+或-选择要编辑的日程时段。 按选择键。 按+或-调整日程时段开始时间。 按选择键。 按+或-调整“供暖”设定温度。 按选择键。 按+或-调整“制冷”设定温度。 按选择键。 对剩余日程时段重复步骤 4 至 7。 按主页键保存程序设置并返回主界面。 （相关配图：thermostat_04, thermostat_05, thermostat_06） 所有日期、时间、温度设置均需在“主页”确认保存。 若需修改多个日程，请按顺序依次编辑每个时段。 设置完成后按主页键保存并返回主界面<PIC><PIC><PIC><PIC><PIC><PIC>。"";[""Manual36_25"", ""Manual36_42"", ""thermostat_04"", ""thermostat_05"", ""thermostat_06"", ""Manual36_41""]"
187,"""系统运行设置：按模式键循环切换至下一个可用系统模式（自动、供暖、制冷、应急供暖、关闭），并选择所需模式保持激活。 风扇运行设置：按风扇键循环切换至下一个可用风扇模式（自动、开启、循环），并选择所需模式保持激活。 系统无响应：按系统键将系统设置为供暖，确保温度设定高于室内温度；若低于室内温度则设置低于室内温度；检查断路器并复位；确保供暖和制冷系统电源开关已打开；确保炉门紧闭，等待约5分钟让系统响应。 屏幕空白/无法切换模式：若使用电池供电，请确保已正确安装全新 AA 碱性电池；检查系统设置选项 220，确保设置为 1 或 2；若供暖时风扇不启动，检查系统设置选项 205，确保设置与供暖设备匹配；若制冷模式下供暖系统运行，检查系统设置选项 200 或 218，确保设置与供暖和制冷设备匹配。 可用系统模式和风扇模式因型号及系统设置而异，具体选项需参考设备说明书。 供暖/制冷指示灯闪烁 5 分钟通常为压缩机保护，属正常现象。 若需优化效果，建议先确认当前系统设置与设备匹配，再尝试切换模式或调整设置选项<PIC><PIC>。"";[""Manual36_29"", ""Manual36_30""]"
188,"""高效能源利用：通过设置“离家”和“回家”为节能温度，并启用“程序日程”功能自动管理各时段；临时覆盖特定时段可避免不必要的加热/制冷。 温度控制：按菜单键进入程序日程，用+/-调整各时段温度，确认“开启”或“关闭”，按主页键保存。 1) 进入程序日程设置 按温控器上的菜单键。 显示""PROG""后，按选择键进入。 显示“开启”后，按选择键进入编辑模式。 2) 设置四个时间段（工作日/周末可不同） 按+或-选择要编辑的日期或日期组。 按+或-选择时段：起床、离家、回家、睡眠。 按+或-调整“供暖”和“制冷”设定温度。 对剩余时段重复上述步骤。 完成后按主页键保存并返回主界面。 3) 临时覆盖现有程序日程（按需使用） 进入“程序日程临时覆盖”模式：按+或-调整温度，调整至所需设定温度后，无需其他操作，新温度将保持至下一个预定时间段开始。 取消临时保持：按+或-，然后按取消键。 如需永久覆盖，可进入“程序日程永久覆盖”模式：显示“临时保持”且设定温度闪烁时，按保持（模式）键切换至永久保持；再按+或-调整温度，按取消键取消永久保持。 建议将“离家”设为节能温度，将“回家”设为节能温度，以匹配实际使用场景。 程序日程默认支持工作日和周末设置不同参数，可根据作息灵活配置。 如需查看更详细的日程信息，可参考“程序日程”章节说明<PIC><PIC><PIC><PIC><PIC><PIC>。"";[""Manual36_32"", ""Manual36_33"", ""thermostat_04"", ""thermostat_05"", ""thermostat_06"", ""Manual36_31""]"
189,"""请谨慎操作，避免误触导致已设置的日程或温度参数丢失<PIC><PIC><PIC><PIC><PIC><PIC><PIC>。"";[""thermostat_04"", ""thermostat_05"", ""thermostat_06"", ""Manual36_31"", ""Manual36_5"", ""Manual36_6"", ""Manual36_7""]"
190,"""请查阅设备或系统的用户手册、故障排除指南或联系技术支持以获取警报界面的具体操作指引<PIC>。"";[""Manual16_12""]"
191,"""热泵接线涉及电气安全，若不确定应联系专业电工或设备制造商。 若需自行操作，请严格参照产品用户手册及当地电气规范。无（<PIC><PIC><PIC>。"";[""exercise_bikes_01"", ""Manual14_0"", ""Manual14_1""]"
192,"""必须使用碱性电池；更换时按步骤操作，确保电池装填正确、连接可靠，即可安全更换并恢复设备功能。 1) 检查电池状态：若电池图标出现或已出现，说明电量低，应立即更换；即使未出现图标，也建议每年更换一次或离家超过一个月前更换。 2) 准备工具：准备新碱性电池（非充电电池）、螺丝刀（如需拧开面板）、标签纸或记号笔。 3) 拆卸旧电池： - 找到电池仓并打开面板（多数温控器可轻轻拉下面板）。 - 取出旧电池，注意正负极方向（通常""+""为正极，""-""为负极；若不确定，请查看电池背面标识或说明书）。 4) 安装新电池： - 将新电池正负极朝正确方向插入电池仓，确保接触良好。 - 若需拧开面板，使用螺丝刀按说明书扭矩拧紧。 5) 设置时间日期： - 更换电池后，建议立即设置当前日期和时间。 - 若两分钟内完成更换，无需重新设置时间和日期；所有其他设置将永久存储在内存中。 6) 测试功能： - 打开温控器，观察是否显示正常图标（如温度、时间、电池状态等）。 - 若显示异常，可参考“确认系统已关闭”章节检查电源是否关闭，再按步骤调节旧温控器温度后重新上电。 只使用碱性电池，严禁使用充电电池或未知类型电池。 更换电池时不要拆卸温控器上的任何电线。 若更换后仍显示异常图标或设备无反应，请查阅“确认系统已关闭”章节或联系技术支持。 若两分钟内无法完成更换，请重新检查电池仓、电池极性、连接是否牢固，必要时联系专业人员<PIC><PIC><PIC><PIC><PIC><PIC><PIC><PIC><PIC>。"";[""Manual36_40"", ""Manual36_14"", ""Manual36_15"", ""Manual36_16"", ""Manual36_17"", ""Manual36_18"", ""Manual36_5"", ""Manual36_6"", ""Manual36_7""]"
193,"""请按下图连接电线（见下方注释）。 1. 若标签与端子不匹配，请按下图连接电线（见下方注释）。 2. 若标签与温控器字母不匹配，请参阅第 13 页。 3. 若插入电线困难，可按下对应端子旁的端子按钮。 4. 将每根标记电线与新温控器上的相同字母匹配，然后将电线插入对应端子。 若插入电线困难，可按下对应端子旁的端子按钮。 若标签与温控器字母不匹配，请参阅第 13 页<PIC><PIC><PIC><PIC><PIC><PIC>。"";[""Manual36_35"", ""Manual36_14"", ""Manual36_15"", ""Manual36_16"", ""Manual36_17"", ""Manual36_18""]"
194,"""大多数温控器故障可通过简单步骤快速解决，无需专业维修。 若仍无法解决，建议联系厂家或专业售后。 1) 确认电源与系统状态 若5分钟内未听到系统启动，说明电源已关闭。 检查温控器是否通电：观察指示灯或显示屏是否亮起。 2) 检查并清理 断电后，用干布擦拭温控器表面及接线端子，去除灰尘、碎屑。 确保接线端子无松动、无氧化。 3) 检查接线与开关 确认所有电线已正确穿过UWP底座并露出约1/4英寸。 检查R开关位置： - 若仅有1根R线（R、Rh或Rc）：将R开关拨至向上位置，再将对应R线插入R端子。 若有多根R线，按步骤7记录接线顺序，上下拨动R开关使电线插入端子内孔后卡舌保持下压。 检查温控器面板是否被遮挡或损坏，必要时更换面板。 4) 检查程序与设置 按菜单键进入PROG，编辑日期/日期组及日程时段（起床、离家、回家、睡眠），调整开启状态。 若发现异常，保存设置并重启。 5) 其他常见处理 若温控器可拆卸，尝试轻轻拉下面板复位。 若仍无法解决，请查阅产品手册“故障排除”章节，或联系厂家获取技术支持。 操作前务必断电，避免触电。 切勿拆卸温控器上的任何电线。 如需更换墙塞，使用7/32英寸钻头并确保墙塞与墙面齐平。 若涉及电路维修，建议由专业人员进行<PIC><PIC><PIC><PIC><PIC><PIC><PIC><PIC><PIC><PIC><PIC>。"";[""Manual36_14"", ""Manual36_15"", ""Manual36_16"", ""Manual36_17"", ""Manual36_18"", ""Manual36_5"", ""Manual36_6"", ""Manual36_7"", ""thermostat_04"", ""thermostat_05"", ""thermostat_06""]"
195,"""请勿在处理器单元上放置物品、投掷或摔落产品，避免液体或细小颗粒进入接口/通风口，防止因物理撞击或过热导致故障<PIC><PIC>。"";[""Manual38_1"", ""Manual38_2""]"
196,"""耳机类型：根据 更换耳塞方法：立体声耳机出厂已安装 M 号耳塞；如需更换，可改为 S 号或 L 号以获得更贴合佩戴效果。 取下耳塞：旋转耳塞后将其拔下即可。 安装耳塞：请牢固安装耳塞，防止使用过程中意外脱落。 长时间接触水或灰尘可能损坏镜片并缩短使用寿命。 更换耳塞后请确保安装牢固。 若涉及废弃物处理，请依照当地法律法规或授权回收设施处理；欧盟较大型零售商可免费回收小型废弃电子产品<PIC>。"";[""Manual38_4""]"
197,"""请勿在清洁遮光罩时通电，且遮光罩清洁需参照产品说明书或专业维修指南，避免损坏内部结构<PIC>。"";[""Manual17_4""]"
198,"""推荐尺寸：根据“游玩区域”章节，游玩区域的高度取决于摄像头的捕捉范围；宽度和深度需根据摄像头设置调整，并将摄像头置于游玩区域中央。 使用前检查并清理大于游玩区域的活动空间；若超出游玩区域，头显屏幕将显示警告。 若 VR 头显未被正确检测，请长按控制器按键，从快捷菜单中选择“调整 VR”>“确认位置”，调整摄像头位置及角度。 若出现头晕、恶心、方向障碍、视力模糊、抽搐、意识丧失等症状，请立即停止使用并咨询医生。 建议游玩前短时间使用，并遵循说明书及应用程序指示<PIC>。"";[""Manual38_0""]"
199,安全预防措施：避免摔落/撞击、防吞咽/缠绕、防液体/蒸汽进入、防高温烫伤、防化学药剂/橡胶接触、防高音量听力损伤、防灰尘烟雾蒸汽、雷雨天气防触电、检查接口清洁。 设备使用寿命：避免溶剂/化学药剂、避免橡胶/乙烯基长期接触、避免长时间接触处理器/电源/通风口（防低温烫伤）、保持传感器无遮挡、避免强物理撞击。 连接前：检查接口无灰尘及细小杂物。 线缆操作：不要抓着线缆甩动；待追踪灯熄灭后再取下/拔线；避免强光直射屏幕；雷雨天气不要触碰电源线/适配器/处理器单元。 佩戴与使用姿势：尽量坐姿；站立模式需遵循应用程序指示。 佩戴检查：正确佩戴，勿拧得过紧；调节镜罩位置后勿过度推入或拉出；定期检查佩戴状态。 屏幕维护：保持附着传感器（第11页）无遮挡；避免屏幕长时间显示同一画面以防画面残留/残影；屏幕出现个别暗点/常亮像素属正常现象。 清洁与防护：避免产品使用溶剂或其他化学药剂；避免橡胶或乙烯基材料与产品长时间接触；避免产品暴露在灰尘、烟雾或蒸汽中。 环境与听力：在特别干燥环境下使用，耳朵可能短暂轻微静电触击（非故障）；高音量使用可能导致听力损伤，请调至安全水平，缩短高音量使用时间，勿调高音量以隔绝环境噪音；若听不到身边人说话，请调低音量。 应急处理：若液体或细小颗粒进入产品内部（接口、通风口等），立即停止使用并断开电源。 废弃处理：产品由金属和塑料制成，废弃时请遵守当地法规妥善处理。 其他：若皮肤不适，请停止使用；若症状未消退，立即停止并就医；避免身体长时间接触处理器单元、电源适配器或通风口排出的空气以防低温烫伤。 请勿在产品上使用溶剂或其他化学药剂。 避免橡胶或乙烯基材料与产品长时间接触。 避免产品暴露在灰尘、烟雾或蒸汽中。 高音量使用可能导致永久性听力损伤，请调至安全水平并缩短使用时间。 雷雨天气时请勿触碰电源线、电源适配器或处理器单元。 若液体或细小颗粒进入产品内部，请立即停止使用并断开电源。 若皮肤不适，请停止使用；若症状未消退，请立即停止使用并就医。 废弃时请遵守当地法规妥善处理此类材料。
200,包含：产品自购买之日起 12 个月内的全球保修服务（适用于所有购买的功能键盘）。 不包含：超出 12 个月保修期的费用；非人为损坏导致的故障；用户自行更换的键帽、轴体、电池等配件；因不当使用、未遵循说明书或第三方软件/硬件问题导致的故障；保修期内因用户自身原因造成的损坏。 保修期从购买日起算，通常为 12 个月。 若购买时已明确选择“仅保修键帽/轴体/电池”等配件，则整机保修可能不适用或需另行确认（资料未明确整机保修范围，仅确认全球保修政策适用于产品）。 如需确认具体保修条款，建议联系官方客服或查看产品附带的保修说明。 保修范围以官方政策为准，超出保修期或人为损坏不在保修范围内。 若发生保修问题，请保留购买凭证、产品序列号及故障说明，联系官方客服处理。
201,本保修项下我们的唯一义务与责任仅限于自行选择以全新或翻新、功能相近且价值相等或更高的产品维修或更换故障产品。 在任何情况下，我们均不对任何间接或继发性损害承担责任，包括但不限于服务中断、数据丢失、业务损失，或因本产品或其使用、持有相关的民事侵权责任。 若产品在保修期内出现经合理判定的故障，我们将根据库存情况自行决定为您提供维修或更换服务，更换产品可为全新或翻新，功能相近且价值相等或更高。 以下情况不在保修范围内：未经许可对产品或序列号/保修标签进行改装；非制造缺陷导致的任何损坏；因意外、滥用、误用、疏忽、火灾、进水、雷击或其他自然灾害、未经授权改装产品或未遵循产品说明书操作导致的损坏、老化或故障；安装不当、未经授权的更改或改装、或由非授权人员进行维修或尝试维修；运输途中损坏（需向承运方提出索赔）；正常磨损。 官网订单的换货与退货，我们承担往返运费；其他授权经销商处购买的产品，售后不承担退货运费，仅承担换货时寄回给最终用户的单程运费。参与“三日换新”计划的电源供应器，无论购买地点，只要是授权经销商，均提供往返加急配送服务。 本保修并非无条件保障；您有责任判断本产品是否适用于您的用途。 若需进一步协助，可通过电子邮件联系我们。
202,"""需额外软件即可使用已存储的灯光、宏命令等功能；但若要自定义配置，需通过 CAM 软件设置并保存。 将 USB-C 线连接键盘背面接口，另一端连接电脑上的 USB 2.0（或更高速度）接口。 将腕托（仅全尺寸及无小键盘版本）安装到键盘正面，采用磁吸设计自动吸附并居中。 若需更高打字倾斜角度，展开键盘底部的可调节支撑脚，选择中高两档角度。 如需自定义配置，请打开 CAM 软件，将所需灯光、宏命令等信息设置并保存至键盘板载配置文件。 配置保存后无需运行 CAM 即可使用已存储的灯光、宏命令等功能。 若未安装腕托，则无法使用腕托功能；若需更高角度，需展开支撑脚。 配置信息仅保存在键盘内部，不会随设备丢失<PIC>。"";[""Manual21_2""]"
203,"""拆卸：使用附赠拔轴器，从顶部夹住轴体，沿轴体前后方向放置工具两端，按下卡扣即可拆卸。 重新安装：将轴体垂直向下用力插入键盘插槽，确保轴体外壳两侧紧贴键盘上盖面板；插入前请目视检查针脚笔直，无弯曲或折向轴底外壳的情况。 拆卸步骤： 1) 找到键盘上轴体对应的定位板卡扣。 2) 使用附赠拔轴器，从顶部夹住轴体。 3) 将工具两端沿轴体前后方向放置，按下卡扣。 4) 轴体由两个卡扣固定在定位板上，松开卡扣后轴体即可取下。 5) 注意工具请勿刮擦上盖面板，无需从轴体下方撬动；仅需夹住轴体外壳底部两侧。 重新安装步骤： 1) 将轴体垂直向下用力插入键盘插槽。 2) 正确插入后，轴体外壳两侧应紧贴键盘上盖面板。 3) 插入前请目视检查轴体上的两个金属针脚与键盘上的轴座插孔对应，确保针脚笔直，无弯曲或折向轴底外壳的情况。 工具请勿刮擦上盖面板，避免损坏键盘表面。 安装前务必目视检查针脚是否笔直、无弯曲或折向轴底外壳。 若拔轴后轴体随键帽一同拔出，请按照重新安装指南重新安装<PIC><PIC><PIC><PIC>。"";[""Manual21_15"", ""Manual21_14"", ""Manual21_12"", ""Manual21_13""]"
204,功能键盘自带四个板载配置文件，可通过CAM软件设置并保存，保存后无需运行CAM即可使用已存储的灯光、宏命令等功能。 1. 打开CAM软件，进入“功能键盘”相关配置界面。 2. 选择“设置CAM配置文件并存储至键盘”功能。 3. 按照界面提示配置所需信息（如灯光、宏命令等）。 4. 保存配置，系统会自动将配置写入键盘板载配置文件。 5. 保存完成后，无需再次运行CAM即可使用已存储的灯光、宏命令等功能。 配置信息保存后，无需运行CAM即可使用已存储的灯光、宏命令等功能。 如需修改配置，需重新进入CAM软件进行设置并保存。
205,在硬件模式下使用功能键盘，需通过 CAM 软件配置板载配置文件，并在硬件连接后按指定步骤操作。 1. 打开 CAM 软件并选择“设置 CAM 配置文件并存储至键盘”功能，将所需灯光、宏命令等配置保存至键盘板载配置文件。 2. 确保键盘已连接至硬件模式，并确认已正确加载保存的配置文件。 3. 按照硬件模式下的具体使用说明（如按键组合、功能键位等）操作键盘。 配置信息保存后，无需运行 CAM 即可使用已存储的灯光、宏命令等功能。 若需查看或修改配置，请通过 CAM 软件进行设置。 具体按键操作细节请参考产品说明书中的“硬件模式使用键盘”章节。
206,"""按照步骤1所示，将挡泥板侧转，然后向上滑入左侧把手管。注意！请勿让“凸点”卡入1号孔。 1. 按照步骤1所示，将挡泥板侧转，然后向上滑入左侧把手管。注意！请勿让“凸点”卡入1号孔。 2. 按照步骤2所示，安装挡泥板，使“凸点”卡入2号孔。 安装完成后，请检查车轮与把手管之间的间隙。若间隙过大、车轮定位不稳，建议在车轮与把手管之间加装额外垫片（不随产品提供）。 若车轮卡死，则减少一片垫片。 rideon_motorcycle_01, rideon_motorcycle_02<PIC><PIC><PIC><PIC><PIC><PIC>。"";[""Manual26_0"", ""rideon_motorcycle_01"", ""rideon_motorcycle_02"", ""Manual26_5"", ""Manual26_6"", ""Manual26_7""]"
207,"""按照产品说明书步骤 3 安装前轮。 1. 将前轴穿过两侧把手管及前轮。 2. 两侧把手管内外均需安装垫片。 3. 使用随产品提供的扳手拧紧螺母直至螺纹尽头。 4. 检查车轮与把手管之间的间隙： - 若间隙过大或定位不稳，需在把手管与车轮之间加装额外垫片（不随产品提供），并重新安装前轴，调整垫片使间隙最小化。 - 若车轮卡死，应减少一片垫片。 5. 安装完成后，确认车轮可自由转动。 安装前务必检查间隙，必要时加装垫片并重新调整。 若车轮卡死，需减少垫片数量；若间隙过大，需增加垫片。 安装前轮总成时，小心对齐把手及前轮总成与车身<PIC><PIC><PIC><PIC><PIC><PIC>。"";[""Manual26_0"", ""Manual26_6"", ""Manual26_7"", ""Manual26_10"", ""rideon_motorcycle_01"", ""rideon_motorcycle_02""]"
208,"""按照鼠标内部标注的正负极（+ 和 -）装入两节 AA 电池，并装回电池仓盖即可。 1. 按下按钮，电池仓盖弹出。 2. 按照鼠标内部标注的正负极（+ 和 -）装入两节 AA 电池。 3. 装回电池仓盖。 请确保电池极性正确，装反可能导致无法使用或损坏。 电池仓盖装回后，通常无需额外操作即可正常使用<PIC><PIC><PIC><PIC><PIC><PIC>。"";[""Manual27_0"", ""Manual27_1"", ""Manual27_2"", ""Manual27_3"", ""Manual27_14"", ""Manual27_15""]"
209,"""需先安装 WIDCOMM 蓝牙驱动程序。 安装前请确保 USB 蓝牙接收器已插入电脑。 安装完成后，鼠标将自动配对，建议重启电脑使驱动生效。 1. 将附带的安装光盘放入光驱。 2. 驱动程序将自动加载；若未自动加载，请双击光驱中 bin 文件夹内的 Setup.exe。 3. 欢迎界面将引导您完成安装，点击“下一步”继续。 4. 阅读协议并选择“我接受许可协议中的条款”，点击“下一步”继续。 5. 程序将安装至图示文件夹，点击“更改”可选择其他安装路径，点击“下一步”继续。 6. 点击“安装”开始安装，安装过程可能需要一些时间。 7. 出现以下界面表示安装完成：拔下接收器重新插入，鼠标将自动配对，点击“完成”退出安装。 8. 系统将提示您重启电脑以使蓝牙驱动生效：点击“是”立即重启，或“否”稍后重启。 安装前请确保 USB 蓝牙接收器已插入电脑。 安装完成后，鼠标将自动配对，建议重启电脑使驱动生效。 若安装过程中出现错误，请检查 USB 接口连接、光盘是否插入正确，并参考“故障排除”章节<PIC><PIC><PIC><PIC><PIC><PIC><PIC><PIC><PIC><PIC>。"";[""Manual27_12"", ""Manual27_13"", ""Manual27_4"", ""Manual27_5"", ""Manual27_6"", ""Manual27_7"", ""Manual27_8"", ""Manual27_9"", ""Manual27_16"", ""Manual27_17""]"
210,"""请按“3.2 卸载 WIDCOMM 蓝牙驱动程序”步骤操作（拔接收器、通过控制面板卸载、重启）。 1. 拔下 USB 蓝牙接收器。 2. 点击“开始” > “设置” > “控制面板” > “添加或删除程序”。 3. 在程序列表中找到""WIDCOMM 蓝牙软件”，点击“删除”。 4. 等待卸载完成，系统提示重启后点击“是”立即重启，或“否”稍后重启。 卸载前建议先备份重要数据；如不确定，请先联系技术支持。 若无法找到该程序，可尝试在“控制面板”中搜索""WIDCOMM""或查看“程序和功能”中的蓝牙驱动项。 重启后若仍无法配对，请检查蓝牙接收器是否插好、驱动是否已安装（见“3.1 安装”），并重启电脑<PIC><PIC><PIC><PIC><PIC><PIC><PIC><PIC>。"";[""Manual27_12"", ""Manual27_13"", ""Manual27_4"", ""Manual27_5"", ""Manual27_6"", ""Manual27_7"", ""Manual27_8"", ""Manual27_9""]"
211,"""在 Windows 系统中为蓝牙激光鼠标设置快速配对，需先启用鼠标出厂默认的“预配对模式”，然后插入 USB 蓝牙接收器并按下接收器按钮，使 LED 每秒闪烁一次，最后移动鼠标确认连接成功。 1. 将 USB 蓝牙接收器插入电脑的 USB 接口。 2. 按下鼠标底部的配对按钮。 3. 按下 USB 蓝牙接收器底部的按钮，直至 LED 指示灯每秒闪烁一次（表示接收器已搜索待配对设备）。 4. 移动鼠标以确认连接成功。 本款鼠标不含 USB 蓝牙接收器，需额外购买接收器并安装 WIDCOMM 蓝牙驱动程序。 若连接失败，请检查接收器是否插对端口、指示灯是否每秒闪烁、鼠标是否处于预配对模式。 配对完成后，可在 Windows 设置中确认已安装蓝牙驱动并启用蓝牙功能<PIC><PIC>。"";[""Manual27_10"", ""Manual27_11""]"
212,"""需先安装 WIDCOMM 蓝牙驱动程序。 按步骤完成配对。 配对成功后可连接其他 HID 设备。 1. 安装驱动程序 - 先按照“3 WIDCOMM 蓝牙驱动程序的安装与卸载”中的说明安装驱动程序。 - 安装完成后，再按“4.2 通过 WIDCOMM 蓝牙驱动程序配对”进行配对。 2. 配对步骤 - 按下 USB 蓝牙接收器按钮，直至出现人机接口设备（HID）界面。 - 鼠标连接成功后，将出现“点击确认连接正确的鼠标”的确认信息。 - 点击确认连接正确的鼠标。 3. 后续使用与扩展 - 配对成功后，可连接其他蓝牙设备（如打印机、调制解调器、掌上电脑等）。 - 如需连接其他设备，需确保 USB 蓝牙接收器已插入电脑，并将目标设备设置为可被蓝牙驱动程序搜索。 - 连接其他设备后，按下 USB 蓝牙接收器按钮直至出现 HID 界面，从下拉菜单选择设备类型，点击检测到的设备启用连接。 配对前必须先安装 WIDCOMM 蓝牙驱动程序。 配对成功后可连接其他 HID 设备，但需先确保接收器已插入电脑。 若需卸载驱动程序，请按照“3.2 卸载 WIDCOMM 蓝牙驱动程序”的步骤操作<PIC><PIC><PIC>。"";[""Manual27_12"", ""Manual27_13"", ""Manual27_18""]"
213,"""查看蓝牙激光鼠标电量状态，需通过控制面板进入蓝牙设置，并观察顶部 LED 指示灯的颜色变化。 1. 打开设备管理器或蓝牙设置界面，找到“蓝牙”设备。 2. 进入“控制面板” > “鼠标” > “蓝牙”（部分系统可能显示为“蓝牙设置”）。 3. 在蓝牙设置页面中，查看鼠标顶部的 LED 指示灯状态： - 绿色闪烁：鼠标正在配对中。 - 琥珀色：电量低，建议更换电池。 - 绿色常亮：电量充足。 4. 若需更详细电量信息，可前往“控制面板” > “鼠标” > “蓝牙”查看具体电量数值。 请确保电池已正确安装，否则指示灯可能显示异常或无法充电。 若指示灯状态与预期不符，请检查电池是否漏液或接触不良。 如仍无法获取准确电量信息，建议联系设备厂商获取技术支持<PIC><PIC><PIC>。"";[""Manual27_14"", ""Manual27_15"", ""Manual27_0""]"
214,"""双击系统托盘中的蓝牙图标，启动蓝牙初始配置向导。 按照向导完成配置，完成后出现 HID 界面并开始搜索蓝牙设备。 点击要连接的 HID 设备，按屏幕说明启用所选设备。 1. 双击系统托盘中的蓝牙图标，启动蓝牙初始配置向导。 2. 按照向导提示完成配置。 3. 配置完成后，出现 HID 界面并开始搜索蓝牙设备。 4. 点击要连接的 HID 设备，按屏幕说明启用所选设备。 首次使用驱动程序前，请先安装 WIDCOMM 蓝牙驱动程序。 配对前请确保已正确安装并配置蓝牙驱动程序。 启用设备时请严格按照屏幕说明操作<PIC><PIC><PIC><PIC><PIC>。"";[""Manual27_0"", ""Manual27_12"", ""Manual27_13"", ""Manual27_16"", ""Manual27_17""]"
215,"""将蓝牙激光鼠标与其他 HID 设备（如打印机、调制解调器、掌上电脑）连接，需先插入 USB 蓝牙接收器，完成环境设置与配对，再插入鼠标。 1) 插入接收器：将 USB 蓝牙接收器插入电脑。 2) 设置目标设备：将打印机、调制解调器、掌上电脑等设置为可被蓝牙驱动程序搜索。 3) 启用接收器：按下 USB 蓝牙接收器按钮，直至出现 HID 界面。 4) 选择设备类型：从下拉菜单中选择要搜索的设备类型。 5) 搜索并连接：点击检测到的设备，驱动程序将引导您启用连接。 6) 完成配对：鼠标连接成功后，将出现确认信息，点击“确认连接正确的鼠标”。 确保 USB 蓝牙接收器已插入电脑；未插入时无法搜索设备。 连接前请按照“蓝牙激光鼠标 使用说明书”中“蓝牙激光鼠标设置”步骤完成环境设置。 配对前需先安装“WIDCOMM 蓝牙驱动程序”。 若需连接其他 HID 设备，请确保目标设备支持蓝牙并处于可搜索状态<PIC><PIC><PIC><PIC>。"";[""Manual27_18"", ""Manual27_0"", ""Manual27_12"", ""Manual27_13""]"
216,"""请按照【参考2】中的步骤，完全打开烤箱门后，抬起卡扣并向前推至极限位置，再向上抬起并转动直至脱开。 1. 完全打开烤箱门。 2. 抬起卡扣并向前推至极限位置（图1）。 3. 将烤箱门关至最大角度（A），向上抬起（B）并转动（C）直至脱开（D）（图2）。 请勿在烤箱门上放置重物，以免损坏。 请勿倚靠烤箱门或在把手上悬挂物品。 请勿用铝箔纸覆盖烤箱内部。 请勿向热烤箱内倒水，否则可能损坏搪瓷涂层。 请勿拖拽锅具划过烤箱底部，以免损坏搪瓷涂层。 确保其他设备的电源线不接触烤箱高温部位或被烤箱门挤压。 请勿将烤箱暴露在露天环境中<PIC><PIC>。"";[""oven_01"", ""oven_02""]"
217,"""资料仅提供了安装烤箱的通用注意事项（如拆箱检查、断电、接地、电源长度等），未包含“如何安装烤箱门”的详细操作指南。 参考文档中关于“安装”的章节仅提及“将铰链装入对应位置”等通用步骤，未提供具体安装烤箱门的图文说明或分步指引。 若需准确安装，建议查阅该烤箱的完整用户手册（如 等），或联系经销商/售后服务中心获取官方安装指导。 安装前务必断开设备电源。 安装必须由合格技术人员按制造商说明及当地安全规范执行。 安装完成后，电气部件不得让用户接触到。 请勿使用多头转接插头或延长线。 安装过程中请确认设备在运输过程中无损坏，烤箱门关闭正常<PIC><PIC><PIC><PIC>。"";[""Manual28_7"", ""Manual28_1"", ""Manual28_2"", ""Manual28_3""]"
218,"""请查阅“维护章节”以获取移动顶部加热元件的具体方法。 移动前请确保烤箱已冷却。 若需清洁顶部加热元件，请避免使用研磨海绵、金属刮刀或清洁球，以免损坏搪瓷表面及烤箱门玻璃。 清洁门玻璃时，建议使用专用烤箱清洁剂，并严格遵守制造商说明。 长时间烹饪高水分食物时，烤箱门内侧及密封条周围可能产生冷凝水，冷却后用布或海绵擦干<PIC><PIC><PIC>。"";[""oven_03"", ""oven_04"", ""oven_05""]"
219,"""参考 仅说明更换后部灯（如有）的步骤为：1. 断开烤箱电源；2. 拧下灯罩（图 6）；3. 更换灯泡（参见灯泡型号说明）；4. 拧回灯罩（图 7）；5. 重新接通烤箱电源。 参考 标题为“更换烤箱灯”，未提供具体步骤或配图 ID。 参考 为安全警告，未提供更换步骤。 参考 为清洁后壁及催化侧面板的方法，未涉及更换后部灯。 进行任何安装操作前，必须先断开设备电源。 安装与维护必须由合格技术人员按照制造商说明及当地安全规范执行，除非用户手册明确说明。 若需更换灯泡，请查阅产品灯泡型号说明<PIC><PIC><PIC><PIC><PIC>。"";[""oven_06"", ""oven_07"", ""Manual28_1"", ""Manual28_2"", ""Manual28_3""]"
220,"""接油盘用于收集油脂和食物碎屑，也可作为烤盘烹饪肉类、鸡肉、鱼类等，并可搭配蔬菜使用。 向接油盘中倒入少量水，避免油脂飞溅及冒烟。 烤肉时，建议在烤架正下方放置加有半升水的接油盘，收集肉汁；按需补充水分。 烤肉完成后，在烤箱内静置10‑15分钟，或用铝箔纸包裹。 烧烤肉类时，选择厚度均匀的肉块，保证受热均匀；厚肉块需要更长烹饪时间。为避免表面烤焦，降低烤架位置，使食物远离烤架；烹饪至三分之二时间时翻面。 旋转烤叉（仅限部分型号）用于均匀烤制大块肉类及家禽；将肉类穿在烤叉上，鸡肉可用棉线捆扎并确认固定牢固后，将烤叉插入烤箱前壁对应座内并支撑在支架上。为避免冒烟并收集肉汁，建议在第一层放置加有半升水的接油盘。 烹饪前必须取下旋转烤叉的塑料手柄，烹饪结束后使用手柄取出食物以防烫伤。 放置：将接油盘放置在烤架下方，用于收集油脂和食物碎屑。 加水：向接油盘中倒入少量水，避免油脂飞溅及冒烟。 烤肉/烧烤：在烤架正下方放置加有半升水的接油盘以收集肉汁；按需补充水分。 肉类烹饪：选择厚度均匀的肉块，保证受热均匀；厚肉块需要更长烹饪时间。 翻面时机：烹饪至三分之二时间时翻面。 静置/包裹：烤肉完成后，在烤箱内静置10‑15分钟，或用铝箔纸包裹。 使用旋转烤叉：将肉类穿在烤叉上，鸡肉可用棉线捆扎并确认固定牢固；插入烤箱前壁对应座内并支撑在支架上；烹饪前取下塑料手柄，烹饪结束后使用手柄取出食物以防烫伤。 向接油盘中倒入少量水，避免油脂飞溅及冒烟。 烤肉时注意收集肉汁，避免溢出。 使用旋转烤叉时务必取下塑料手柄，防止烫伤。 厚肉块需延长烹饪时间，避免表面烤焦。 若资料不足以回答特定型号细节或特殊场景，请明确说明“”<PIC><PIC><PIC>。"";[""oven_08"", ""oven_09"", ""oven_10""]"
221,"""使用湿布擦拭烤箱外部表面即可；若污渍严重，可在温水中加入几滴洗洁精，用湿布擦拭后彻底擦干。 请勿使用腐蚀性或研磨性清洁剂。 用湿布清洁表面。若污渍严重，可在水中加入几滴洗洁精，最后用干布擦干。 清洁前请断开电源，确保烤箱冷却。 请勿使用蒸汽清洁设备。 请勿使用研磨海绵、金属刮刀或清洁球清洁烤箱内部，以免损坏搪瓷表面及烤箱门玻璃。 清洁后务必擦干门内侧及密封条周围，防止冷凝水残留<PIC>。"";[""Manual28_6""]"
222,请勿在烤箱门上放置重物，以免损坏。 请勿倚靠烤箱门或在把手上悬挂物品。 请勿用铝箔纸覆盖烤箱内部。 请勿向热烤箱内倒水，否则可能损坏搪瓷涂层。 请勿拖拽锅具划过烤箱底部，以免损坏搪瓷涂层。 确保其他设备的电源线不接触烤箱高温部位或被烤箱门挤压。 请勿将烤箱暴露在露天环境中。
223,"""催化侧面板用于吸附烹饪过程中飞溅的油脂，防止其污染烤箱腔体，并辅助烤箱的自清洁功能。 该面板带有特殊微孔搪瓷涂层，可吸附油脂飞溅物。 烹饪油脂较多的食物后，建议执行自动清洁程序（参见清洁章节）。 使用后建议用海绵清除残留食物。 清洁时请勿使用腐蚀性或研磨性清洁剂、粗刷、百洁布或烤箱喷雾，以免损坏催化表面并破坏其自清洁性能。 清洁前请确保烤箱空载，开启热风循环功能，设定约 200℃运行约一小时，待设备冷却后再清洁。 清洁前务必断开设备电源。 安装与维护必须由合格技术人员执行；除非用户手册明确说明，否则请勿自行维修或更换部件。 设备仅设计为家用食品烹饪设备，禁止其他用途（如取暖）。 设备内部表面在加热时可能变烫，操作时请小心，待部件充分冷却后再接触易燃材料。 请勿在设备内加热或烹饪密封罐/密封容器，以防压力导致罐体爆裂。 请勿使用合成材料容器；过热油脂极易起火。 烹饪富含油脂的食物时请保持警惕，烘干食物期间切勿无人看管运行。 若使用酒精饮品，注意酒精蒸汽接触电加热元件可能引发火灾。 安装完成后电气部件不得让用户接触到<PIC><PIC><PIC><PIC><PIC><PIC><PIC><PIC><PIC><PIC><PIC>。"";[""oven_11"", ""oven_12"", ""oven_16"", ""oven_13"", ""oven_14"", ""oven_15"", ""Manual28_8"", ""Manual28_1"", ""Manual28_2"", ""Manual28_3"", ""Manual28_7""]"
224,使用烤盘前：取下配件上的纸板防护件、保护膜及不干胶标签；将配件从烤箱中取出，以200℃空烤约一小时，去除绝缘材料及防护油脂产生的异味和烟雾。 选择烤盘：使用适合肉块大小的任意烤盘或耐热玻璃盘。 烤肉建议： - 烤肉时，建议在烤盘底部加入少许汤汁，烹饪过程中淋汁增香。 - 烤肉完成后，在烤箱内静置10‑15分钟，或用铝箔纸包裹。 - 烧烤肉类时，选择厚度均匀的肉块，保证受热均匀；厚肉块需要更长烹饪时间。 - 为避免表面烤焦，降低烤架位置，使食物远离烤架。 - 烹饪至三分之二时间时翻面。 收集肉汁：建议在烤肉烤架正下方放置加有半升水的接油盘，收集肉汁，按需补充水分。 首次使用前按上述步骤清理并空烤；使用中请勿在烤箱门上放置重物、倚靠烤箱门或在把手上悬挂物品；请勿用铝箔纸覆盖烤箱内部；请勿向热烤箱内倒水；请勿拖拽锅具划过烤箱底部；确保其他设备的电源线不接触烤箱高温部位或被烤箱门挤压；请勿将烤箱暴露在露天环境中。 请勿在烤箱门上放置重物，以免损坏。 请勿倚靠烤箱门或在把手上悬挂物品。 请勿用铝箔纸覆盖烤箱内部。 请勿向热烤箱内倒水，否则可能损坏搪瓷涂层。 请勿拖拽锅具划过烤箱底部，以免损坏搪瓷涂层。 确保其他设备的电源线不接触烤箱高温部位或被烤箱门挤压。 请勿将烤箱暴露在露天环境中。
225,"""使用烤架烤盘套装前，需确认烤箱型号是否支持“滑动搁架”功能。 将套装中的烤架（6a）和搪瓷容器（6b）放置在烤架（3）上，并配合烧烤功能使用。 1. 确认套装包含烤架（6a）和搪瓷容器（6b），并将它们放置在烤架（3）上。 2. 开启烤箱烧烤功能，确保烤箱腔体后壁风扇位于风扇对面位置。 3. 烹饪过程中，可将烤架与接油盘半拉出，以利用油脂过滤器（7）收集油脂飞溅物。 4. 若需清洁，可参考“催化侧面板”章节执行自动清洁程序。 使用专用烤箱清洁剂清洁搪瓷容器（6b），并严格遵守制造商说明。 若长时间烹饪高水分食物（如披萨、蔬菜等），烤箱门内侧及密封条周围可能产生冷凝水，冷却后用布或海绵擦干。 切勿使用研磨海绵、金属刮刀或清洁球清洁烤箱内部。 若需清洁烤箱顶部加热元件，请参照“维护章节”<PIC><PIC><PIC><PIC><PIC><PIC><PIC>。"";[""oven_11"", ""oven_12"", ""oven_16"", ""oven_13"", ""oven_14"", ""oven_15"", ""Manual28_8""]"
226,"""油脂过滤器仅用于油脂较多的烹饪，挂在烤箱腔体后壁、风扇对面位置，可配合热风循环功能使用。 安装：将油脂过滤器挂在烤箱腔体后壁、风扇对面位置。 使用：在油脂较多的烹饪中启用热风循环功能，使油脂通过过滤器。 清洁：可洗碗机清洗；也可参考“首次使用烤箱”章节中的自动清洁程序（参见清洁章节）进行维护。 仅用于油脂较多的烹饪，不适用于所有配件。 烹饪过程中可将烤架与接油盘半拉出，但油脂过滤器本身不直接参与拉出操作。 确保其他设备的电源线不接触烤箱高温部位或被烤箱门挤压。 请勿在烤箱门上放置重物、倚靠烤箱门或在把手上悬挂物品；请勿用铝箔纸覆盖烤箱内部。 请勿向热烤箱内倒水，以免损坏搪瓷涂层。 请勿拖拽锅具划过烤箱底部，以免损坏搪瓷涂层。 若需更改当前时间或调整提示音音调，请按“首次使用烤箱”章节操作（见参考1）<PIC><PIC><PIC><PIC><PIC><PIC><PIC>。"";[""oven_11"", ""oven_12"", ""oven_16"", ""oven_13"", ""oven_14"", ""oven_15"", ""Manual28_8""]"
227,"""滑动搁架（图8）可用于所有配件，可洗碗机清洗。 滑动搁架用于将烤架与接油盘半拉出，适用于所有配件。 在烹饪过程中，将滑动搁架从烤箱中取出，并将烤架与接油盘半拉出。 滑动搁架可配合热风循环功能使用。 滑动搁架可洗碗机清洗。 请勿在烤箱门上放置重物，以免损坏。 请勿倚靠烤箱门或在把手上悬挂物品。 请勿用铝箔纸覆盖烤箱内部。 请勿向热烤箱内倒水，否则可能损坏搪瓷涂层。 请勿拖拽锅具划过烤箱底部，以免损坏搪瓷涂层。 确保其他设备的电源线不接触烤箱高温部位或被烤箱门挤压。 请勿将烤箱暴露在露天环境中<PIC><PIC><PIC><PIC><PIC><PIC><PIC>。"";[""oven_11"", ""oven_12"", ""oven_16"", ""oven_13"", ""oven_14"", ""oven_15"", ""Manual28_8""]"
228,"""资料中未提供混合即时相机肩带的安装方法。 请妥善保管肩带卡扣安装工具，拆卸肩带时需使用该工具打开卡扣。 肩带仅作肩带使用，请勿将肩带套在脖子上。 安装肩带时，挂绳环可能会磨损或褪色。 若资料不足以回答此问题，请明确说明“”<PIC><PIC><PIC>。"";[""Manual29_12"", ""Manual29_11"", ""hybrid_instant_camera_03""]"
229,"""滑动电池盖将其打开。 按照电池上的箭头指示装入电池。 确保电池上的黄线与相机上的标记对齐。 取出电池时，将电池锁扣推向一侧，然后将电池滑出相机。 关闭电池盖。 使用随附的 USB 线将相机与智能手机专用交流电源适配器连接，然后将交流电源适配器插入室内电源插座。 使用符合以下额定输出的交流电源适配器：直流 5.0 伏/1000 毫安。 充电过程中可以拍摄或打印图像。 充电时间约为三到四小时。 安装方向至关重要，请严格按照电池上的箭头指示操作。 充电过程中请勿拆卸电池或相机。 使用前请仔细阅读安全注意事项和用户指南<PIC><PIC><PIC><PIC><PIC><PIC><PIC><PIC><PIC><PIC>。"";[""Manual29_13"", ""Manual29_14"", ""Manual29_15"", ""Manual29_16"", ""Manual29_26"", ""Manual29_27"", ""hybrid_instant_camera_01"", ""hybrid_instant_camera_02"", ""Manual29_78"", ""Manual29_79""]"
230,"""混合即时相机通常使用专用的混合相纸盒，其操作方式可能与普通相机或instax SQUARE不同，具体请参考该相机机身说明书或包装附带的操作指南<PIC><PIC><PIC><PIC><PIC><PIC>。"";[""Manual29_26"", ""Manual29_27"", ""hybrid_instant_camera_01"", ""hybrid_instant_camera_02"", ""Manual29_28"", ""Manual29_29""]"
231,"""1. 请确认您的相机型号是否为“混合即时相机”。 2. 若确认为混合机型，建议查阅机身说明书或联系官方客服获取具体操作指引。 3. 若相纸已用完，请按照“取出用完的相纸盒”步骤操作；若相纸未用完，请按照“装入/取出instax SQUARE相纸盒”步骤操作<PIC><PIC><PIC><PIC><PIC><PIC>。"";[""Manual29_28"", ""Manual29_29"", ""Manual29_26"", ""Manual29_27"", ""hybrid_instant_camera_01"", ""hybrid_instant_camera_02""]"
232,"""若“混合即时相机”是特定品牌/型号，请提供该型号名称或参数（如型号、序列号、系统版本），以便进一步检索。 若该设备并非标准相机，请说明其用途（如打印机、扫描仪、工业设备），以便按对应产品类别查询<PIC><PIC><PIC><PIC><PIC><PIC><PIC>。"";[""Manual29_33"", ""Manual29_34"", ""Manual29_35"", ""Manual29_30"", ""Manual29_31"", ""Manual29_32"", ""Manual29_65""]"
233,"""请确认设备型号及是否支持“混合即时相机”功能。 若该功能尚未发布或不在支持列表中，请提供设备型号以便进一步查询<PIC><PIC><PIC><PIC><PIC><PIC><PIC>。"";[""Manual29_33"", ""Manual29_34"", ""Manual29_35"", ""Manual29_30"", ""Manual29_31"", ""Manual29_32"", ""Manual29_65""]"
234,"""混合即时相机（Instant Mixed）通常指“即时成像”与“混合模式”（如双曝光、多重曝光）的结合，但现有资料未明确定义“混合即时相机”这一具体产品或功能。 现有资料仅介绍了“相机”的基本拍摄操作和“双重曝光”功能。 若指“即时成像”：需插入存储卡，将图像复制到根目录（非文件夹），且文件名格式为四个大写字母加四个数字。 若指“双重曝光”：按两次快门在一张照片中拍摄两个主体。 若指“混合模式”（如多重曝光）：需按两次快门拍摄多个主体，每次按下快门按钮切换模式。 拍摄时请双手持机，肘部抵住身体，轻按快门，避免遮挡闪光灯、镜头或相纸出口。 光线不足时可能触发闪光灯，可更改闪光灯设置关闭闪光。 若拍摄镜面、快速移动物体、深色吸光物体、烟雾火焰或对比度低的主体，建议使用自动对焦/自动曝光锁定。 打印其他相机拍摄的图像需满足特定文件名格式要求<PIC><PIC><PIC>。"";[""Manual29_36"", ""Manual29_37"", ""Manual29_51""]"
241,"""由于资料未提供相关信息，无法给出具体建议<PIC>。"";[""Manual23_40""]"
242,您好，当前还无法准确定位对应的说明书内容。请补充产品名称、型号、故障现象或图片，我再继续帮您查询。
243,"""资料中未提供关于“电池转换功能”（battery conversion feature）的使用步骤或说明。 该功能未在提供的无<PIC><PIC><PIC>。"";[""Manual23_26"", ""Manual23_21"", ""Manual23_27""]"
244,您好，当前还无法准确定位对应的说明书内容。请补充产品名称、型号、故障现象或图片，我再继续帮您查询。
245,"""您好，当前还无法准确定位对应的说明书内容。请补充产品名称、型号、故障现象或图片，我再继续帮您查询<PIC><PIC><PIC><PIC><PIC>。"";[""Manual23_26"", ""Manual23_34"", ""Manual23_35"", ""lawn_mower_01"", ""Manual23_38""]"
246,"""由于资料中未包含相关设备信息，无法提供具体操作步骤<PIC><PIC><PIC><PIC>。"";[""lawn_mower_05"", ""Manual23_38"", ""Manual23_41"", ""Manual23_43""]"
247,"""您好，当前还无法准确定位对应的说明书内容。请补充产品名称、型号、故障现象或图片，我再继续帮您查询<PIC><PIC><PIC>。"";[""lawn_mower_05"", ""Manual23_26"", ""lawn_mower_04""]"
248,"""您好，当前还无法准确定位对应的说明书内容。请补充产品名称、型号、故障现象或图片，我再继续帮您查询<PIC><PIC><PIC><PIC>。"";[""Manual23_21"", ""Manual23_27"", ""Manual23_32"", ""lawn_mower_01""]"
249,"""请查阅产品说明书或联系制造商获取锚灯的正确安装方法<PIC><PIC>。"";[""lawn_mower_05"", ""Manual23_45""]"
250,"""您好，当前还无法准确定位对应的说明书内容。请补充产品名称、型号、故障现象或图片，我再继续帮您查询<PIC><PIC>。"";[""Manual23_43"", ""Manual23_41""]"
251,"""请查阅您船只的官方用户手册或联系制造商获取正确的操作说明<PIC><PIC>。"";[""lawn_mower_05"", ""Manual23_38""]"
252,"""请查阅船只制造商提供的官方用户手册或联系专业维修人员以获取正确的拆卸步骤<PIC><PIC>。"";[""Manual23_15"", ""lawn_mower_04""]"
253,"""由于资料范围不匹配，无法提供针对您船只的具体安装指导<PIC><PIC>。"";[""Manual23_26"", ""lawn_mower_04""]"
254,"""资料中未提供关于将遮阳篷（bimini top）收纳至直立位置的具体步骤或说明。 请查阅产品手册或联系制造商以获取正确的收纳方法。lawn_mower_05<PIC><PIC><PIC>。"";[""lawn_mower_05"", ""Manual23_5"", ""Manual23_45""]"
255,"""请查阅您所使用的船舶发动机手册或相关机械维护指南，以获取正确的机油检查步骤和标准<PIC><PIC><PIC><PIC><PIC>。"";[""Manual23_24"", ""Manual23_25"", ""Manual23_15"", ""Manual23_14"", ""lawn_mower_05""]"
256,请查阅产品手册或联系制造商获取排水泵的正确操作步骤。
257,您好，当前还无法准确定位对应的说明书内容。请补充产品名称、型号、故障现象或图片，我再继续帮您查询。
258,"""无法提供船只发动机启动的具体步骤。 请查阅船只用户手册或联系船只制造商获取正确的发动机启动方法<PIC><PIC><PIC>。"";[""lawn_mower_05"", ""Manual23_41"", ""Manual23_43""]"
259,您好，当前还无法准确定位对应的说明书内容。请补充产品名称、型号、故障现象或图片，我再继续帮您查询。
260,您好，当前还无法准确定位对应的说明书内容。请补充产品名称、型号、故障现象或图片，我再继续帮您查询。
261,"""请查阅该设备的用户手册或相关操作指南以获取船只装载的具体步骤<PIC><PIC><PIC><PIC><PIC>。"";[""Manual23_34"", ""Manual23_35"", ""Manual23_21"", ""Manual23_27"", ""lawn_mower_01""]"
262,您好，当前还无法准确定位对应的说明书内容。请补充产品名称、型号、故障现象或图片，我再继续帮您查询。
263,您好，当前还无法准确定位对应的说明书内容。请补充产品名称、型号、故障现象或图片，我再继续帮您查询。
264,"""- - 请查阅船舶用户手册或联系制造商获取正确的机油检查步骤。 （因资料中未提供与发动机机油检查相关的图片）<PIC><PIC>。"";[""Manual23_24"", ""Manual23_25""]"
265,"""您好，当前还无法准确定位对应的说明书内容。请补充产品名称、型号、故障现象或图片，我再继续帮您查询<PIC><PIC><PIC>。"";[""Manual23_5"", ""lawn_mower_04"", ""Manual23_45""]"
266,"""由于资料中未定义“节能模式”的具体名称或控制方式，无法提供具体的操作步骤<PIC><PIC><PIC>。"";[""Manual23_5"", ""Manual23_51"", ""lawn_mower_04""]"
267,您好，当前还无法准确定位对应的说明书内容。请补充产品名称、型号、故障现象或图片，我再继续帮您查询。
268,请参照 中关于“如果相机将不会使用很长时间”的建议：移除电池，并储存在凉爽、干燥、通风良好的地方。 如果相机突然从冷环境移至暖环境，可能会形成冷凝；此时应将其放入密封塑料袋中，待其适应暖房温度后再取出，且切勿使用相机。 如需进一步维护，建议联系经销商或自行检查相机是否正常工作。 请勿自行拆解相机，且避免接触电气触点以防腐蚀。
269,"""- 若需重置，请查阅产品说明书或联系官方客服<PIC><PIC><PIC><PIC>。"";[""lawn_mower_04"", ""Manual23_14"", ""Manual23_26"", ""Manual23_45""]"
270,"""1. 2. 3. 由于缺乏关于咖啡机维护延长寿命的具体指导，无法基于现有资料给出明确建议<PIC><PIC>。"";[""Manual23_38"", ""Manual23_69""]"
271,"""请查阅产品说明书中关于游泳平台的具体安装或拆卸章节，或联系制造商获取相关指导<PIC><PIC>。"";[""Manual23_32"", ""Manual23_36""]"
272,"""请确认设备名称是否为“livewell”或“boat”，并检查是否有其他语言版本的说明书或官方支持资料<PIC><PIC><PIC><PIC><PIC>。"";[""Manual23_32"", ""Manual23_17"", ""Manual23_34"", ""Manual23_35"", ""lawn_mower_05""]"
273,您好，当前还无法准确定位对应的说明书内容。请补充产品名称、型号、故障现象或图片，我再继续帮您查询。
274,您好，当前还无法准确定位对应的说明书内容。请补充产品名称、型号、故障现象或图片，我再继续帮您查询。
275,您好，当前还无法准确定位对应的说明书内容。请补充产品名称、型号、故障现象或图片，我再继续帮您查询。
276,"""您好，当前还无法准确定位对应的说明书内容。请补充产品名称、型号、故障现象或图片，我再继续帮您查询<PIC><PIC>。"";[""Manual23_38"", ""Manual23_15""]"
277,"""您好，当前还无法准确定位对应的说明书内容。请补充产品名称、型号、故障现象或图片，我再继续帮您查询<PIC><PIC><PIC><PIC><PIC><PIC>。"";[""Manual23_24"", ""Manual23_25"", ""Manual23_34"", ""Manual23_35"", ""Manual23_38"", ""Manual23_41""]"
278,您好，当前还无法准确定位对应的说明书内容。请补充产品名称、型号、故障现象或图片，我再继续帮您查询。
279,您好，当前还无法准确定位对应的说明书内容。请补充产品名称、型号、故障现象或图片，我再继续帮您查询。
280,"""* 请确保相机在存储时电池已移除。 * 存储环境应阴凉、干燥且通风良好。 * 即使相机未使用，也建议每隔一段时间按快门几次以检查其工作状态<PIC>。"";[""Manual23_26""]"
281,"""资料中未说明在另一块电池已断电的情况下如何安装新电池。 安装电池前请确保新电池已充满电。 安装时请确保电池正负极正确连接，并盖好电池盖以防短路。 若需更换电池，请查阅产品手册（如 ）以获取详细步骤<PIC><PIC><PIC><PIC>。"";[""Manual23_38"", ""Manual23_24"", ""Manual23_25"", ""Manual23_15""]"
282,"""可以使用家用电源插座连接相机，无需担心电池电量。 相机必须通过电源开关才能开机运行。 将相机连接到家用电源插座。 使用AC Adapter Kit ACK-E2（可选）将相机连接到电源插座。 确保电源开关处于 ON 状态，相机才会启动。 如需调整自动关机时间，可通过菜单中的 [ft Auto power off] 设置进行。 若正在录制图像时切换开关，LCD 面板会显示剩余可记录的图像数量。 相机是精密仪器，请勿将其摔落或受到物理冲击。 请勿让相机处于强磁场（如磁铁或电机）或强无线电波（如大天线）附近，以免损坏图像数据或导致误操作。 请勿在过热环境下使用相机（如阳光直射的汽车内），以免相机 malfunction。 切勿自行拆解相机。 请勿用手指触摸相机的电气触点，以防触点腐蚀导致相机误操作。 如需清洁镜头、取景器、反光镜和对焦屏，请使用吹气球清除灰尘；请勿使用含有机溶剂的清洁剂清洁相机机身或镜头<PIC><PIC>。"";[""Manual23_38"", ""Manual23_14""]"
283,"""请将镜头对准镜头卡口的白色 EF-S 镜头卡口索引标记，并旋转镜头使其卡入。 如果安装的是非 EF-S 镜头，请将镜头对准红色的 EF 镜头索引标记，并旋转镜头使其卡入。 安装或拆卸镜头时，请注意防止灰尘通过镜头卡口进入相机。 将镜头对准镜头卡口的白色 EF-S 镜头卡口索引标记，并旋转镜头使其卡入。 如果安装的是非 EF-S 镜头，请将镜头对准红色的 EF 镜头索引标记，并旋转镜头使其卡入。 安装或拆卸镜头时，请注意防止灰尘通过镜头卡口进入相机。 请确保镜头卡口与相机卡口完全对齐后再旋转，避免镜头未完全安装。 安装或拆卸镜头时，请小心避免镜头卡口处进灰<PIC><PIC><PIC>。"";[""Manual23_14"", ""lawn_mower_03"", ""lawn_mower_05""]"
284,"""将存储卡（CF 卡）装入相机前，需确保卡已正确安装、卡槽已打开且卡已完全插入到位。 安装步骤：打开卡槽盖，将存储卡插入卡槽直至听到“咔哒”声或卡槽自动闭合。 1. 打开存储卡卡槽盖。 2. 确认存储卡已正确插入卡槽，直到听到“咔哒”声或卡槽自动闭合。 3. 安装完成后，将存储卡插入相机，确保卡槽盖已完全闭合。 存储卡容量需为 2 GB 或更高。 若存储卡损坏或无法识别，请检查卡槽是否完全闭合、卡是否松动，或更换存储卡。 若存储卡无法插入，请勿强行插入，以免损坏卡槽或存储卡<PIC>。"";[""Manual23_38""]"
285,"""Have you ever wondered how to remove the camera shutter button? 请勿在相机处于通电或运行状态时移除电池或操作可能影响数据读取的部件，以免损坏设备<PIC><PIC><PIC><PIC>。"";[""Manual23_37"", ""Manual23_15"", ""Manual23_40"", ""Manual23_41""]"
286,"""资料中未提供更换日期/时间电池的具体步骤、所需工具或操作细节。 请查阅产品手册（如 Manual）中关于日期/时间设置或电池更换的章节，或联系官方技术支持获取准确指导<PIC><PIC><PIC>。"";[""Manual23_26"", ""Manual23_38"", ""Manual23_14""]"
287,"""- 若需操作，建议查阅相机说明书或联系官方技术支持<PIC>。"";[""lawn_mower_04""]"
288,"""参考 提到了“Eyepiece cover is also attached to the strap""，但未说明其具体使用方式。 参考 仅说明在更换电池时需重新安装镜头盖以保护电路，未涉及拍摄前的使用规范<PIC><PIC><PIC><PIC><PIC><PIC><PIC>。"";[""Manual23_14"", ""Manual23_8"", ""Manual23_9"", ""Manual23_10"", ""Manual23_11"", ""Manual23_12"", ""Manual23_15""]"
289,"""资料中提到了“Selecting the AF Mode”这一章节，但并未提供具体的操作步骤或说明。 请查阅产品说明书的对应章节以获取具体操作指南<PIC><PIC><PIC>。"";[""Manual23_41"", ""Manual23_43"", ""Manual23_0""]"
290,"""How to set the camera model to ""P"" 请查阅用户手册或联系技术支持以获取关于设置相机型号的具体指导。无 model? 请查阅该设备的用户手册或联系技术支持以获取准确的设置指南<PIC><PIC><PIC>。"";[""Manual23_51"", ""lawn_mower_05"", ""Manual23_50""]"
291,"""- 如需查看电视画面，请查阅相机机身说明书（Manual）中关于“电视输出”或“视频输出”的章节<PIC><PIC>。"";[""Manual23_38"", ""Manual23_4""]"
292,"""请查阅相机机身说明书或联系官方客服以获取具体的图像管理功能操作指南<PIC><PIC>。"";[""Manual23_38"", ""Manual23_26""]"
293,"""1. 请勿自行拆解相机，以免损坏精密电子电路。 2. 清洁CMOS传感器时，相机必须处于开启状态，且需使用专用工具（如AC Adapter Kit）或确保电池电量充足。 3. 避免在强磁场、强无线电波或高温环境下存放或操作相机。 4. 若相机长时间未使用，请取出电池并定期按快门按钮检查。 5. 避免将相机存放在腐蚀性化学品附近<PIC>。"";[""Manual23_38""]"
294,"""由于缺乏相关技术文档支持，无法提供具体的打印方法。建议查阅相机的用户手册或联系官方技术支持以获取正确的打印功能说明<PIC>。"";[""Manual23_38""]"
295,"""该术语通常用于深度学习或特定软件模型，而非传统相机硬件操作，现有资料未提供相关指导<PIC><PIC>。"";[""Manual23_43"", ""Manual23_41""]"
296,您好，当前还无法准确定位对应的说明书内容。请补充产品名称、型号、故障现象或图片，我再继续帮您查询。
297,"""根据由于资料中未包含耳机电池的相关信息，无法提供具体的充电步骤或注意事项<PIC><PIC><PIC><PIC><PIC>。"";[""Manual23_26"", ""Manual23_24"", ""Manual23_25"", ""Manual23_38"", ""Manual23_17""]"
298,您好，当前还无法准确定位对应的说明书内容。请补充产品名称、型号、故障现象或图片，我再继续帮您查询。
299,您好，当前还无法准确定位对应的说明书内容。请补充产品名称、型号、故障现象或图片，我再继续帮您查询。
300,您好，当前还无法准确定位对应的说明书内容。请补充产品名称、型号、故障现象或图片，我再继续帮您查询。
301,您好，当前还无法准确定位对应的说明书内容。请补充产品名称、型号、故障现象或图片，我再继续帮您查询。
302,您好，当前还无法准确定位对应的说明书内容。请补充产品名称、型号、故障现象或图片，我再继续帮您查询。
303,您好，当前还无法准确定位对应的说明书内容。请补充产品名称、型号、故障现象或图片，我再继续帮您查询。
304,"""您好，当前还无法准确定位对应的说明书内容。请补充产品名称、型号、故障现象或图片，我再继续帮您查询<PIC><PIC><PIC><PIC>。"";[""Manual23_38"", ""Manual23_26"", ""Manual23_40"", ""Manual23_14""]"
305,"""When in eBook mode of this eReader, what will happen after pressing ""M"" button? 请查阅该 eReader 的官方说明书或用户手册，以获取关于 eBook 模式的具体操作指南<PIC><PIC><PIC><PIC>。"";[""Manual23_41"", ""Manual23_43"", ""Manual23_40"", ""Manual23_39""]"
306,您好，当前还无法准确定位对应的说明书内容。请补充产品名称、型号、故障现象或图片，我再继续帮您查询。
307,"""您好，当前还无法准确定位对应的说明书内容。请补充产品名称、型号、故障现象或图片，我再继续帮您查询<PIC><PIC>。"";[""Manual23_38"", ""Manual23_69""]"
308,"""由于资料中未提及 eReader 的操作步骤，无法提供具体指导<PIC><PIC>。"";[""Manual23_39"", ""Manual23_43""]"
309,您好，当前还无法准确定位对应的说明书内容。请补充产品名称、型号、故障现象或图片，我再继续帮您查询。
310,"""请查阅 eReader 用户手册或联系官方客服以获取具体故障解决方案<PIC><PIC>。"";[""Manual23_39"", ""Manual23_40""]"
311,您好，当前还无法准确定位对应的说明书内容。请补充产品名称、型号、故障现象或图片，我再继续帮您查询。
312,"""请严格按照设备说明书操作。 如设备说明书中有关于安全的使用说明，请查阅并遵守<PIC><PIC><PIC>。"";[""Manual23_39"", ""Manual23_43"", ""Manual23_41""]"
313,"""由于资料中未提及传真机的安全操作细节，无法提供关于如何保护手指的具体建议<PIC><PIC><PIC>。"";[""Manual23_15"", ""Manual23_41"", ""Manual23_43""]"
314,您好，当前还无法准确定位对应的说明书内容。请补充产品名称、型号、故障现象或图片，我再继续帮您查询。
315,"""您好，当前还无法准确定位对应的说明书内容。请补充产品名称、型号、故障现象或图片，我再继续帮您查询<PIC>。"";[""Manual23_37""]"
316,"""请查阅您所在国家或地区的官方电信运营商网站或当地邮政服务信息，以确认传真服务的可用性<PIC><PIC><PIC><PIC><PIC><PIC><PIC><PIC>。"";[""Manual23_45"", ""Manual23_8"", ""Manual23_9"", ""Manual23_10"", ""Manual23_11"", ""Manual23_12"", ""Manual23_5"", ""lawn_mower_04""]"
317,"""由于缺乏相关建议您查阅燃气炉的用户手册或联系设备制造商获取准确信息<PIC><PIC><PIC>。"";[""Manual23_30"", ""lawn_mower_05"", ""Manual23_43""]"
318,"""由于缺乏相关请查阅该产品的官方安全手册或联系制造商获取关于燃气设备泄漏测试的正确步骤<PIC><PIC><PIC><PIC>。"";[""Manual23_43"", ""Manual23_34"", ""Manual23_35"", ""Manual23_26""]"
319,您好，当前还无法准确定位对应的说明书内容。请补充产品名称、型号、故障现象或图片，我再继续帮您查询。
320,"""由于资料中未提及烧烤炉的组装流程，无法提供具体的组装步骤。无（资料中未包含烧烤炉相关图片）<PIC><PIC><PIC><PIC><PIC><PIC>。"";[""Manual23_8"", ""Manual23_9"", ""Manual23_10"", ""Manual23_11"", ""Manual23_12"", ""Manual23_5""]"
321,"""由于资料中未提供相关信息，无法提供具体的烤炉安全建议<PIC>。"";[""Manual23_38""]"
322,I don't understand that.
323,您好，当前还无法准确定位对应的说明书内容。请补充产品名称、型号、故障现象或图片，我再继续帮您查询。
324,您好，当前还无法准确定位对应的说明书内容。请补充产品名称、型号、故障现象或图片，我再继续帮您查询。
325,"""您好，当前还无法准确定位对应的说明书内容。请补充产品名称、型号、故障现象或图片，我再继续帮您查询<PIC>。"";[""Manual23_26""]"
326,您好，当前还无法准确定位对应的说明书内容。请补充产品名称、型号、故障现象或图片，我再继续帮您查询。
327,您好，当前还无法准确定位对应的说明书内容。请补充产品名称、型号、故障现象或图片，我再继续帮您查询。
328,"""您好，当前还无法准确定位对应的说明书内容。请补充产品名称、型号、故障现象或图片，我再继续帮您查询<PIC><PIC>。"";[""Manual23_37"", ""Manual23_45""]"
329,"""请查阅该喷气式摩托艇的官方英文用户手册（Manual），在""Open the hood""或""Hood""相关章节中查找具体操作说明<PIC><PIC><PIC><PIC><PIC>。"";[""Manual23_34"", ""Manual23_35"", ""lawn_mower_01"", ""Manual23_45"", ""Manual23_32""]"
330,"""您好，当前还无法准确定位对应的说明书内容。请补充产品名称、型号、故障现象或图片，我再继续帮您查询<PIC><PIC><PIC><PIC>。"";[""lawn_mower_02"", ""Manual23_37"", ""Manual23_5"", ""lawn_mower_04""]"
331,"""无法回答。 请查阅皮划艇的官方用户手册或产品说明书，该章节通常位于""Controls""（控制）或""Engine""（发动机）部分，详细说明了如何操作油门和刹车开关。 * 请确保在操作发动机开关前，车辆处于安全状态。 * 错误的操作可能导致车辆无法启动或损坏发动机<PIC><PIC><PIC><PIC>。"";[""lawn_mower_04"", ""Manual23_5"", ""Manual23_26"", ""Manual23_45""]"
332,"""请提供包含""jetski""、""motorboat""或""jet ski""等关键词的<PIC><PIC><PIC>。"";[""Manual23_5"", ""lawn_mower_04"", ""lawn_mower_05""]"
333,您好，当前还无法准确定位对应的说明书内容。请补充产品名称、型号、故障现象或图片，我再继续帮您查询。
334,您好，当前还无法准确定位对应的说明书内容。请补充产品名称、型号、故障现象或图片，我再继续帮您查询。
344,"""由于资料未提供相关信息，无法提供具体的操作指导。建议查阅该喷气船的具体用户手册或联系制造商获取相关维护指南<PIC><PIC>。"";[""Manual23_39"", ""Manual23_45""]"
345,"""由于lawn_mower_04、<PIC><PIC>。"";[""lawn_mower_04"", ""Manual23_45""]"
346,"""由于缺乏相关技术文档，无法提供具体的清洁步骤或安全建议<PIC><PIC><PIC>。"";[""Manual23_5"", ""Manual23_45"", ""Manual23_26""]"
347,您好，当前还无法准确定位对应的说明书内容。请补充产品名称、型号、故障现象或图片，我再继续帮您查询。
348,您好，当前还无法准确定位对应的说明书内容。请补充产品名称、型号、故障现象或图片，我再继续帮您查询。
349,"""您好，当前还无法准确定位对应的说明书内容。请补充产品名称、型号、故障现象或图片，我再继续帮您查询<PIC><PIC><PIC>。"";[""Manual23_38"", ""Manual23_26"", ""Manual23_45""]"
350,您好，当前还无法准确定位对应的说明书内容。请补充产品名称、型号、故障现象或图片，我再继续帮您查询。
351,您好，当前还无法准确定位对应的说明书内容。请补充产品名称、型号、故障现象或图片，我再继续帮您查询。
352,您好，当前还无法准确定位对应的说明书内容。请补充产品名称、型号、故障现象或图片，我再继续帮您查询。
353,请查阅您设备的具体用户手册或联系制造商获取电话听筒安装指导。
354,"""请确认您询问的是相机设备而非电话线设备，若确为电话线设备，现有资料无法提供相关信息<PIC><PIC><PIC>。"";[""Manual23_24"", ""Manual23_25"", ""Manual23_26""]"
355,"""您好，当前还无法准确定位对应的说明书内容。请补充产品名称、型号、故障现象或图片，我再继续帮您查询<PIC><PIC>。"";[""Manual23_38"", ""Manual23_40""]"
356,"""您好，当前还无法准确定位对应的说明书内容。请补充产品名称、型号、故障现象或图片，我再继续帮您查询<PIC><PIC>。"";[""Manual23_38"", ""Manual23_41""]"
357,"""由于 请查阅您设备随附的官方用户手册（Manual），该手册通常会在“指示灯”或“状态显示”章节中详细说明基站不同 LED 状态对应的含义<PIC><PIC>。"";[""Manual23_26"", ""Manual23_38""]"
358,若需了解割草机滚轴调节方法，请查阅割草机用户手册或联系专业维修人员。
359,"""该问题属于特定机械设备的操作范畴，超出了当前无<PIC>。"";[""Manual23_38""]"
360,"""您好，当前还无法准确定位对应的说明书内容。请补充产品名称、型号、故障现象或图片，我再继续帮您查询<PIC>。"";[""Manual23_38""]"
361,您好，当前还无法准确定位对应的说明书内容。请补充产品名称、型号、故障现象或图片，我再继续帮您查询。
362,您好，当前还无法准确定位对应的说明书内容。请补充产品名称、型号、故障现象或图片，我再继续帮您查询。
363,请查阅割草机用户手册或联系制造商获取具体操作步骤。
364,由于资料范围限制，无法提供割草机滤网拆卸或清洗的具体步骤。
365,请查阅割草机用户手册或联系专业维修人员获取正确的皮带更换步骤。
366,无法提供远程微波炉控制设置的具体方法。
367,您好，当前还无法准确定位对应的说明书内容。请补充产品名称、型号、故障现象或图片，我再继续帮您查询。
368,您好，当前还无法准确定位对应的说明书内容。请补充产品名称、型号、故障现象或图片，我再继续帮您查询。
369,您好，当前还无法准确定位对应的说明书内容。请补充产品名称、型号、故障现象或图片，我再继续帮您查询。
370,"""请查阅该微波炉的具体型号说明书或用户手册，以获取正确的操作步骤<PIC>。"";[""Manual23_69""]"
371,请查阅产品手册或联系制造商以获取正确的清洁步骤。
372,请查阅产品说明书或联系制造商获取炭滤网更换方法。
373,您好，当前还无法准确定位对应的说明书内容。请补充产品名称、型号、故障现象或图片，我再继续帮您查询。
374,您好，当前还无法准确定位对应的说明书内容。请补充产品名称、型号、故障现象或图片，我再继续帮您查询。
375,主板跳线设置属于硬件操作，通常需参考设备说明书或联系技术支持。
376,"""您好，当前还无法准确定位对应的说明书内容。请补充产品名称、型号、故障现象或图片，我再继续帮您查询<PIC><PIC><PIC>。"";[""Manual23_38"", ""Manual23_34"", ""Manual23_35""]"
377,由于资料范围仅限于相机功能，无法提供主板 LED 设置的具体步骤或说明。
378,BIOS文件更新通常需要通过制造商提供的专用工具或官方支持渠道进行，具体步骤因主板型号而异。
379,您好，当前还无法准确定位对应的说明书内容。请补充产品名称、型号、故障现象或图片，我再继续帮您查询。
380,"""请确保您的主板支持相应的 SATA 或 USB 接口，并查阅主板或主板厂商的官方文档以确认具体支持的设备类型和安装步骤<PIC>。"";[""Manual23_45""]"
381,"""您好，当前还无法准确定位对应的说明书内容。请补充产品名称、型号、故障现象或图片，我再继续帮您查询<PIC>。"";[""Manual23_41""]"
382,您好，当前还无法准确定位对应的说明书内容。请补充产品名称、型号、故障现象或图片，我再继续帮您查询。
383,您好，当前还无法准确定位对应的说明书内容。请补充产品名称、型号、故障现象或图片，我再继续帮您查询。
384,您好，当前还无法准确定位对应的说明书内容。请补充产品名称、型号、故障现象或图片，我再继续帮您查询。
385,您好，当前还无法准确定位对应的说明书内容。请补充产品名称、型号、故障现象或图片，我再继续帮您查询。
386,您好，当前还无法准确定位对应的说明书内容。请补充产品名称、型号、故障现象或图片，我再继续帮您查询。
387,您好，当前还无法准确定位对应的说明书内容。请补充产品名称、型号、故障现象或图片，我再继续帮您查询。
388,"""您好，当前还无法准确定位对应的说明书内容。请补充产品名称、型号、故障现象或图片，我再继续帮您查询<PIC><PIC>。"";[""Manual23_34"", ""Manual23_35""]"
389,由于资料范围仅限于相机功能，无法提供压力锅或空气炸锅的浮球阀设置指南。
390,您好，当前还无法准确定位对应的说明书内容。请补充产品名称、型号、故障现象或图片，我再继续帮您查询。
391,您好，当前还无法准确定位对应的说明书内容。请补充产品名称、型号、故障现象或图片，我再继续帮您查询。
392,由于资料中缺乏相关技术文档或产品手册，无法提供具体的设置步骤或注意事项。
393,您好，当前还无法准确定位对应的说明书内容。请补充产品名称、型号、故障现象或图片，我再继续帮您查询。
394,由于资料中未包含相关产品信息，无法提供具体的安装步骤或注意事项。
395,"""您好，当前还无法准确定位对应的说明书内容。请补充产品名称、型号、故障现象或图片，我再继续帮您查询<PIC><PIC>。"";[""Manual23_40"", ""Manual23_41""]"
396,您好，当前还无法准确定位对应的说明书内容。请补充产品名称、型号、故障现象或图片，我再继续帮您查询。
397,您好，当前还无法准确定位对应的说明书内容。请补充产品名称、型号、故障现象或图片，我再继续帮您查询。
398,您好，当前还无法准确定位对应的说明书内容。请补充产品名称、型号、故障现象或图片，我再继续帮您查询。
399,"""您好，当前还无法准确定位对应的说明书内容。请补充产品名称、型号、故障现象或图片，我再继续帮您查询<PIC>。"";[""Manual23_40""]"
400,"""无法提供关于 NR/NPR 的具体定义、操作步骤或注意事项，因为 请查阅产品说明书或联系制造商以获取关于 NR/NPR 的具体操作指南<PIC>。"";[""Manual23_40""]"
401,您好，当前还无法准确定位对应的说明书内容。请补充产品名称、型号、故障现象或图片，我再继续帮您查询。
402,"""由于资料中未包含关于吸尘器性能模式的信息，无法提供具体模式名称或功能说明<PIC><PIC><PIC><PIC><PIC><PIC>。"";[""Manual23_8"", ""Manual23_9"", ""Manual23_10"", ""Manual23_11"", ""Manual23_12"", ""lawn_mower_04""]"
403,您好，当前还无法准确定位对应的说明书内容。请补充产品名称、型号、故障现象或图片，我再继续帮您查询。
404,您好，当前还无法准确定位对应的说明书内容。请补充产品名称、型号、故障现象或图片，我再继续帮您查询。
405,"""您好，当前还无法准确定位对应的说明书内容。请补充产品名称、型号、故障现象或图片，我再继续帮您查询<PIC><PIC><PIC><PIC><PIC><PIC>。"";[""Manual23_26"", ""Manual23_8"", ""Manual23_9"", ""Manual23_10"", ""Manual23_11"", ""Manual23_12""]"
406,"""由于资料中缺乏吸尘器清洁相关的具体方法，无法提供正确的清洁流程<PIC><PIC>。"";[""Manual23_1"", ""Manual23_2""]"
407,"""吸尘器清洁传感器和充电接口的具体步骤需参考该设备用户手册或官方清洁指南<PIC>。"";[""Manual23_40""]"
408,您好，当前还无法准确定位对应的说明书内容。请补充产品名称、型号、故障现象或图片，我再继续帮您查询。
409,您好，当前还无法准确定位对应的说明书内容。请补充产品名称、型号、故障现象或图片，我再继续帮您查询。
410,您好，当前还无法准确定位对应的说明书内容。请补充产品名称、型号、故障现象或图片，我再继续帮您查询。
411,"""虚拟墙屏障通常用于防止吸尘器在移动时意外触碰墙壁或障碍物，但具体实现方式（如是否通过模式拨盘、触发条件等）需查阅该型号吸尘器用户手册<PIC><PIC><PIC><PIC><PIC><PIC><PIC>。"";[""Manual23_5"", ""lawn_mower_04"", ""Manual23_8"", ""Manual23_9"", ""Manual23_10"", ""Manual23_11"", ""Manual23_12""]"
412,您好，当前还无法准确定位对应的说明书内容。请补充产品名称、型号、故障现象或图片，我再继续帮您查询。
413,"""由于资料中未提供相关信息，无法提供具体的安装指导<PIC><PIC>。"";[""Manual23_1"", ""Manual23_2""]"
414,"""将电源开关拨至<ON>状态，相机即可启动。 若需关机，将电源开关拨至<OFF>状态，相机即停止工作。 若相机长时间未使用，可先关闭电源，再取出电池；如需再次开机，只需按下快门按钮。 电源开关设置：<OFF>表示相机关闭且无法操作；<ON>表示相机开启并可以操作。 自动关机：相机在连续非操作1分钟后会自动关机。 开机：如需再次开机，只需按下快门按钮。 自动关机时间：可通过菜单中的[ft Auto power off]设置调整。 关机后：若正在录制图像，剩余待录图像数会在顶部LCD面板显示；全部录制完成后，LCD面板熄灭，相机自动关机。 关机前若正在录制图像，请确保录制已完成或确认剩余图像数。 关机后若需再次开机，请按下快门按钮。 避免将相机置于强磁场（如磁铁、电机）或强无线电波（如大天线）附近，以防误操作或损坏数据。 避免长时间暴露在过热环境中（如阳光直射的汽车内），以防相机故障。 若相机长时间未使用，取出电池并置于阴凉干燥通风处；使用前请测试所有功能。 请勿自行拆解相机；如需清洁，请使用吹气球，切勿使用含有机溶剂的清洁剂。 请勿用手指触摸相机电气触点，以防腐蚀导致误操作<PIC>。"";[""Manual23_38""]"
415,"""您好，当前还无法准确定位对应的说明书内容。请补充产品名称、型号、故障现象或图片，我再继续帮您查询<PIC><PIC><PIC>。"";[""Manual23_45"", ""Manual23_40"", ""Manual23_39""]"
416,您好，当前还无法准确定位对应的说明书内容。请补充产品名称、型号、故障现象或图片，我再继续帮您查询。
417,您好，当前还无法准确定位对应的说明书内容。请补充产品名称、型号、故障现象或图片，我再继续帮您查询。
418,您好，当前还无法准确定位对应的说明书内容。请补充产品名称、型号、故障现象或图片，我再继续帮您查询。
419,"""由于建议查阅雪橇操作手册或联系专业维修人员获取准确指导。无（因资料中未提供与油门缆绳调整相关的配图）<PIC><PIC>。"";[""Manual23_26"", ""Manual23_30""]"
420,"""您好，当前还无法准确定位对应的说明书内容。请补充产品名称、型号、故障现象或图片，我再继续帮您查询<PIC><PIC><PIC><PIC><PIC><PIC>。"";[""lawn_mower_04"", ""Manual23_8"", ""Manual23_9"", ""Manual23_10"", ""Manual23_11"", ""Manual23_12""]"
421,您好，当前还无法准确定位对应的说明书内容。请补充产品名称、型号、故障现象或图片，我再继续帮您查询。
422,"""您好，当前还无法准确定位对应的说明书内容。请补充产品名称、型号、故障现象或图片，我再继续帮您查询<PIC><PIC><PIC>。"";[""Manual23_1"", ""Manual23_2"", ""Manual23_26""]"
423,"""请查阅雪橇操作手册或相关安全指南以获取正确的下坡骑行技术<PIC><PIC><PIC>。"";[""Manual23_1"", ""Manual23_2"", ""Manual23_26""]"
424,"""您好，当前还无法准确定位对应的说明书内容。请补充产品名称、型号、故障现象或图片，我再继续帮您查询<PIC><PIC><PIC>。"";[""Manual23_1"", ""Manual23_2"", ""Manual23_26""]"
425,"""请查阅雪撬发动机用户手册或官方维修指南以获取火花塞检查的具体方法<PIC><PIC><PIC>。"";[""Manual23_29"", ""Manual23_30"", ""Manual23_26""]"
426,您好，当前还无法准确定位对应的说明书内容。请补充产品名称、型号、故障现象或图片，我再继续帮您查询。
427,您好，当前还无法准确定位对应的说明书内容。请补充产品名称、型号、故障现象或图片，我再继续帮您查询。
428,"""请提供与电视/收音机信号接收相关的 若资料不足，请明确说明“”<PIC>。"";[""Manual23_31""]"
429,"""由于缺乏相关技术文档，无法提供具体的操作指引<PIC><PIC><PIC><PIC><PIC><PIC>。"";[""Manual23_8"", ""Manual23_9"", ""Manual23_10"", ""Manual23_11"", ""Manual23_12"", ""Manual23_26""]"
430,"""若需获取天线连接步骤，请查阅设备用户手册或联系制造商。lawn_mower_01<PIC>。"";[""lawn_mower_01""]"
431,"""请查阅设备说明书或联系制造商获取正确的连接步骤。 若资料不足以回答，请明确说明""""<PIC><PIC><PIC><PIC>。"";[""Manual23_30"", ""Manual23_1"", ""Manual23_2"", ""Manual23_31""]"
432,"""请查阅设备用户手册或联系技术支持获取完整的故障排查指南<PIC><PIC><PIC><PIC>。"";[""Manual23_24"", ""Manual23_25"", ""Manual23_31"", ""Manual23_30""]"
433,您好，当前还无法准确定位对应的说明书内容。请补充产品名称、型号、故障现象或图片，我再继续帮您查询。
434,请查阅产品说明书或联系制造商获取电动牙刷强度调节的具体说明。
435,"""由于 * * 若需了解电动牙刷的使用方法，请查阅其他关于电动牙刷的官方产品手册或说明书<PIC><PIC>。"";[""Manual23_26"", ""Manual23_45""]"
436,"""您好，当前还无法准确定位对应的说明书内容。请补充产品名称、型号、故障现象或图片，我再继续帮您查询<PIC><PIC>。"";[""Manual23_26"", ""Manual23_38""]"
