id,ret
1,您好，您的问题已收到，请您耐心等待处理结果，谢谢。
2,好的，没问题的，我们会尽快给您答复的。
3,您好，您的问题已收到，请您耐心等待处理结果，谢谢。
4,正在为您核实，由于咨询人数较多，请您稍后再来咨询。
6,很抱歉给您带来不便，我们已记录您的反馈，祝您生活愉快。
7,感谢您的咨询，相关问题正在后台核实中，请随时关注后续动态。
8,感谢您的咨询，相关问题正在后台核实中，请随时关注后续动态。
9,正在为您核实，由于咨询人数较多，请您稍后再来咨询。
10,您好，您的问题已收到，请您耐心等待处理结果，谢谢。
11,您好，您的问题已收到，请您耐心等待处理结果，谢谢。
12,很抱歉给您带来不便，我们已记录您的反馈，祝您生活愉快。
13,好的，没问题的，我们会尽快给您答复的。
14,正在为您核实，由于咨询人数较多，请您稍后再来咨询。
15,很抱歉给您带来不便，我们已记录您的反馈，祝您生活愉快。
16,收到相关反馈，我们正在加急处理，请稍候。
17,正在为您核实，由于咨询人数较多，请您稍后再来咨询。
18,好的，没问题的，我们会尽快给您答复的。
19,感谢您的咨询，相关问题正在后台核实中，请随时关注后续动态。
20,好的，没问题的，我们会尽快给您答复的。
21,感谢您的咨询，相关问题正在后台核实中，请随时关注后续动态。
22,正在为您核实，由于咨询人数较多，请您稍后再来咨询。
23,正在为您核实，由于咨询人数较多，请您稍后再来咨询。
24,感谢您的咨询，相关问题正在后台核实中，请随时关注后续动态。
25,正在为您核实，由于咨询人数较多，请您稍后再来咨询。
26,正在为您核实，由于咨询人数较多，请您稍后再来咨询。
33,好的，没问题的，我们会尽快给您答复的。
34,收到相关反馈，我们正在加急处理，请稍候。
35,正在为您核实，由于咨询人数较多，请您稍后再来咨询。
36,好的，没问题的，我们会尽快给您答复的。
37,正在为您核实，由于咨询人数较多，请您稍后再来咨询。
38,收到相关反馈，我们正在加急处理，请稍候。
39,感谢您的咨询，相关问题正在后台核实中，请随时关注后续动态。
40,您好，您的问题已收到，请您耐心等待处理结果，谢谢。
41,感谢您的咨询，相关问题正在后台核实中，请随时关注后续动态。
42,您好，您的问题已收到，请您耐心等待处理结果，谢谢。
43,感谢您的咨询，相关问题正在后台核实中，请随时关注后续动态。
44,很抱歉给您带来不便，我们已记录您的反馈，祝您生活愉快。
45,好的，没问题的，我们会尽快给您答复的。
46,感谢您的咨询，相关问题正在后台核实中，请随时关注后续动态。
47,您好，您的问题已收到，请您耐心等待处理结果，谢谢。
48,收到相关反馈，我们正在加急处理，请稍候。
49,感谢您的咨询，相关问题正在后台核实中，请随时关注后续动态。
50,正在为您核实，由于咨询人数较多，请您稍后再来咨询。
51,感谢您的咨询，相关问题正在后台核实中，请随时关注后续动态。
52,感谢您的咨询，相关问题正在后台核实中，请随时关注后续动态。
53,收到相关反馈，我们正在加急处理，请稍候。
54,正在为您核实，由于咨询人数较多，请您稍后再来咨询。
55,很抱歉给您带来不便，我们已记录您的反馈，祝您生活愉快。
57,正在为您核实，由于咨询人数较多，请您稍后再来咨询。
58,您好，您的问题已收到，请您耐心等待处理结果，谢谢。
64,正在为您核实，由于咨询人数较多，请您稍后再来咨询。
65,您好，您的问题已收到，请您耐心等待处理结果，谢谢。
66,好的，没问题的，我们会尽快给您答复的。
67,好的，没问题的，我们会尽快给您答复的。
68,很抱歉给您带来不便，我们已记录您的反馈，祝您生活愉快。
69,您好，您的问题已收到，请您耐心等待处理结果，谢谢。
70,好的，没问题的，我们会尽快给您答复的。
71,很抱歉给您带来不便，我们已记录您的反馈，祝您生活愉快。
72,正在为您核实，由于咨询人数较多，请您稍后再来咨询。
73,好的，没问题的，我们会尽快给您答复的。
74,收到相关反馈，我们正在加急处理，请稍候。
75,很抱歉给您带来不便，我们已记录您的反馈，祝您生活愉快。
76,很抱歉给您带来不便，我们已记录您的反馈，祝您生活愉快。
77,正在为您核实，由于咨询人数较多，请您稍后再来咨询。
78,收到相关反馈，我们正在加急处理，请稍候。
79,感谢您的咨询，相关问题正在后台核实中，请随时关注后续动态。
80,好的，没问题的，我们会尽快给您答复的。
81,感谢您的咨询，相关问题正在后台核实中，请随时关注后续动态。
82,收到相关反馈，我们正在加急处理，请稍候。
83,正在为您核实，由于咨询人数较多，请您稍后再来咨询。
84,正在为您核实，由于咨询人数较多，请您稍后再来咨询。
85,收到相关反馈，我们正在加急处理，请稍候。
86,感谢您的咨询，相关问题正在后台核实中，请随时关注后续动态。
87,收到相关反馈，我们正在加急处理，请稍候。
88,收到相关反馈，我们正在加急处理，请稍候。
89,正在为您核实，由于咨询人数较多，请您稍后再来咨询。
90,收到相关反馈，我们正在加急处理，请稍候。
91,正在为您核实，由于咨询人数较多，请您稍后再来咨询。
92,感谢您的咨询，相关问题正在后台核实中，请随时关注后续动态。
93,感谢您的咨询，相关问题正在后台核实中，请随时关注后续动态。
94,正在为您核实，由于咨询人数较多，请您稍后再来咨询。
95,您好，您的问题已收到，请您耐心等待处理结果，谢谢。
96,很抱歉给您带来不便，我们已记录您的反馈，祝您生活愉快。
97,好的，没问题的，我们会尽快给您答复的。
98,正在为您核实，由于咨询人数较多，请您稍后再来咨询。
99,感谢您的咨询，相关问题正在后台核实中，请随时关注后续动态。
100,收到相关反馈，我们正在加急处理，请稍候。
101,正在为您核实，由于咨询人数较多，请您稍后再来咨询。
102,感谢您的咨询，相关问题正在后台核实中，请随时关注后续动态。
103,很抱歉给您带来不便，我们已记录您的反馈，祝您生活愉快。
104,很抱歉给您带来不便，我们已记录您的反馈，祝您生活愉快。
105,收到相关反馈，我们正在加急处理，请稍候。
106,正在为您核实，由于咨询人数较多，请您稍后再来咨询。
107,感谢您的咨询，相关问题正在后台核实中，请随时关注后续动态。
108,收到相关反馈，我们正在加急处理，请稍候。
109,很抱歉给您带来不便，我们已记录您的反馈，祝您生活愉快。
110,正在为您核实，由于咨询人数较多，请您稍后再来咨询。
111,很抱歉给您带来不便，我们已记录您的反馈，祝您生活愉快。
112,好的，没问题的，我们会尽快给您答复的。
113,好的，没问题的，我们会尽快给您答复的。
114,正在为您核实，由于咨询人数较多，请您稍后再来咨询。
115,感谢您的咨询，相关问题正在后台核实中，请随时关注后续动态。
116,正在为您核实，由于咨询人数较多，请您稍后再来咨询。
117,好的，没问题的，我们会尽快给您答复的。
118,感谢您的咨询，相关问题正在后台核实中，请随时关注后续动态。
119,感谢您的咨询，相关问题正在后台核实中，请随时关注后续动态。
120,很抱歉给您带来不便，我们已记录您的反馈，祝您生活愉快。
121,很抱歉给您带来不便，我们已记录您的反馈，祝您生活愉快。
122,您好，您的问题已收到，请您耐心等待处理结果，谢谢。
123,好的，没问题的，我们会尽快给您答复的。
124,好的，没问题的，我们会尽快给您答复的。
126,您好，您的问题已收到，请您耐心等待处理结果，谢谢。
127,您好，您的问题已收到，请您耐心等待处理结果，谢谢。
128,感谢您的咨询，相关问题正在后台核实中，请随时关注后续动态。
129,您好，您的问题已收到，请您耐心等待处理结果，谢谢。
130,您好，您的问题已收到，请您耐心等待处理结果，谢谢。
131,感谢您的咨询，相关问题正在后台核实中，请随时关注后续动态。
132,正在为您核实，由于咨询人数较多，请您稍后再来咨询。
133,很抱歉给您带来不便，我们已记录您的反馈，祝您生活愉快。
134,您好，您的问题已收到，请您耐心等待处理结果，谢谢。
135,很抱歉给您带来不便，我们已记录您的反馈，祝您生活愉快。
136,感谢您的咨询，相关问题正在后台核实中，请随时关注后续动态。
137,感谢您的咨询，相关问题正在后台核实中，请随时关注后续动态。
138,正在为您核实，由于咨询人数较多，请您稍后再来咨询。
139,很抱歉给您带来不便，我们已记录您的反馈，祝您生活愉快。
140,正在为您核实，由于咨询人数较多，请您稍后再来咨询。
141,正在为您核实，由于咨询人数较多，请您稍后再来咨询。
142,好的，没问题的，我们会尽快给您答复的。
144,感谢您的咨询，相关问题正在后台核实中，请随时关注后续动态。
145,很抱歉给您带来不便，我们已记录您的反馈，祝您生活愉快。
146,收到相关反馈，我们正在加急处理，请稍候。
153,好的，没问题的，我们会尽快给您答复的。
154,正在为您核实，由于咨询人数较多，请您稍后再来咨询。
155,很抱歉给您带来不便，我们已记录您的反馈，祝您生活愉快。
156,正在为您核实，由于咨询人数较多，请您稍后再来咨询。
157,收到相关反馈，我们正在加急处理，请稍候。
158,您好，您的问题已收到，请您耐心等待处理结果，谢谢。
159,正在为您核实，由于咨询人数较多，请您稍后再来咨询。
160,好的，没问题的，我们会尽快给您答复的。
161,正在为您核实，由于咨询人数较多，请您稍后再来咨询。
162,您好，您的问题已收到，请您耐心等待处理结果，谢谢。
163,好的，没问题的，我们会尽快给您答复的。
164,好的，没问题的，我们会尽快给您答复的。
165,您好，您的问题已收到，请您耐心等待处理结果，谢谢。
166,正在为您核实，由于咨询人数较多，请您稍后再来咨询。
167,很抱歉给您带来不便，我们已记录您的反馈，祝您生活愉快。
168,感谢您的咨询，相关问题正在后台核实中，请随时关注后续动态。
169,好的，没问题的，我们会尽快给您答复的。
170,您好，您的问题已收到，请您耐心等待处理结果，谢谢。
171,很抱歉给您带来不便，我们已记录您的反馈，祝您生活愉快。
172,好的，没问题的，我们会尽快给您答复的。
173,好的，没问题的，我们会尽快给您答复的。
174,正在为您核实，由于咨询人数较多，请您稍后再来咨询。
175,好的，没问题的，我们会尽快给您答复的。
176,收到相关反馈，我们正在加急处理，请稍候。
177,感谢您的咨询，相关问题正在后台核实中，请随时关注后续动态。
178,很抱歉给您带来不便，我们已记录您的反馈，祝您生活愉快。
179,感谢您的咨询，相关问题正在后台核实中，请随时关注后续动态。
180,感谢您的咨询，相关问题正在后台核实中，请随时关注后续动态。
181,您好，您的问题已收到，请您耐心等待处理结果，谢谢。
182,您好，您的问题已收到，请您耐心等待处理结果，谢谢。
183,好的，没问题的，我们会尽快给您答复的。
184,收到相关反馈，我们正在加急处理，请稍候。
185,很抱歉给您带来不便，我们已记录您的反馈，祝您生活愉快。
186,您好，您的问题已收到，请您耐心等待处理结果，谢谢。
187,您好，您的问题已收到，请您耐心等待处理结果，谢谢。
188,好的，没问题的，我们会尽快给您答复的。
189,收到相关反馈，我们正在加急处理，请稍候。
190,正在为您核实，由于咨询人数较多，请您稍后再来咨询。
191,好的，没问题的，我们会尽快给您答复的。
192,正在为您核实，由于咨询人数较多，请您稍后再来咨询。
193,很抱歉给您带来不便，我们已记录您的反馈，祝您生活愉快。
194,好的，没问题的，我们会尽快给您答复的。
195,感谢您的咨询，相关问题正在后台核实中，请随时关注后续动态。
196,收到相关反馈，我们正在加急处理，请稍候。
197,感谢您的咨询，相关问题正在后台核实中，请随时关注后续动态。
198,您好，您的问题已收到，请您耐心等待处理结果，谢谢。
199,正在为您核实，由于咨询人数较多，请您稍后再来咨询。
200,您好，您的问题已收到，请您耐心等待处理结果，谢谢。
201,正在为您核实，由于咨询人数较多，请您稍后再来咨询。
202,很抱歉给您带来不便，我们已记录您的反馈，祝您生活愉快。
203,收到相关反馈，我们正在加急处理，请稍候。
204,很抱歉给您带来不便，我们已记录您的反馈，祝您生活愉快。
205,您好，您的问题已收到，请您耐心等待处理结果，谢谢。
206,很抱歉给您带来不便，我们已记录您的反馈，祝您生活愉快。
207,您好，您的问题已收到，请您耐心等待处理结果，谢谢。
208,好的，没问题的，我们会尽快给您答复的。
209,很抱歉给您带来不便，我们已记录您的反馈，祝您生活愉快。
210,收到相关反馈，我们正在加急处理，请稍候。
211,您好，您的问题已收到，请您耐心等待处理结果，谢谢。
212,正在为您核实，由于咨询人数较多，请您稍后再来咨询。
213,感谢您的咨询，相关问题正在后台核实中，请随时关注后续动态。
214,您好，您的问题已收到，请您耐心等待处理结果，谢谢。
215,感谢您的咨询，相关问题正在后台核实中，请随时关注后续动态。
216,感谢您的咨询，相关问题正在后台核实中，请随时关注后续动态。
217,感谢您的咨询，相关问题正在后台核实中，请随时关注后续动态。
218,正在为您核实，由于咨询人数较多，请您稍后再来咨询。
219,感谢您的咨询，相关问题正在后台核实中，请随时关注后续动态。
220,好的，没问题的，我们会尽快给您答复的。
221,您好，您的问题已收到，请您耐心等待处理结果，谢谢。
222,您好，您的问题已收到，请您耐心等待处理结果，谢谢。
223,收到相关反馈，我们正在加急处理，请稍候。
224,好的，没问题的，我们会尽快给您答复的。
225,很抱歉给您带来不便，我们已记录您的反馈，祝您生活愉快。
226,感谢您的咨询，相关问题正在后台核实中，请随时关注后续动态。
227,感谢您的咨询，相关问题正在后台核实中，请随时关注后续动态。
228,正在为您核实，由于咨询人数较多，请您稍后再来咨询。
229,正在为您核实，由于咨询人数较多，请您稍后再来咨询。
230,好的，没问题的，我们会尽快给您答复的。
231,正在为您核实，由于咨询人数较多，请您稍后再来咨询。
232,感谢您的咨询，相关问题正在后台核实中，请随时关注后续动态。
233,好的，没问题的，我们会尽快给您答复的。
234,感谢您的咨询，相关问题正在后台核实中，请随时关注后续动态。
241,很抱歉给您带来不便，我们已记录您的反馈，祝您生活愉快。
242,您好，您的问题已收到，请您耐心等待处理结果，谢谢。
243,收到相关反馈，我们正在加急处理，请稍候。
244,您好，您的问题已收到，请您耐心等待处理结果，谢谢。
245,收到相关反馈，我们正在加急处理，请稍候。
246,收到相关反馈，我们正在加急处理，请稍候。
247,好的，没问题的，我们会尽快给您答复的。
248,很抱歉给您带来不便，我们已记录您的反馈，祝您生活愉快。
249,感谢您的咨询，相关问题正在后台核实中，请随时关注后续动态。
250,您好，您的问题已收到，请您耐心等待处理结果，谢谢。
251,好的，没问题的，我们会尽快给您答复的。
252,好的，没问题的，我们会尽快给您答复的。
253,很抱歉给您带来不便，我们已记录您的反馈，祝您生活愉快。
254,您好，您的问题已收到，请您耐心等待处理结果，谢谢。
255,感谢您的咨询，相关问题正在后台核实中，请随时关注后续动态。
256,好的，没问题的，我们会尽快给您答复的。
257,很抱歉给您带来不便，我们已记录您的反馈，祝您生活愉快。
258,感谢您的咨询，相关问题正在后台核实中，请随时关注后续动态。
259,正在为您核实，由于咨询人数较多，请您稍后再来咨询。
260,正在为您核实，由于咨询人数较多，请您稍后再来咨询。
261,感谢您的咨询，相关问题正在后台核实中，请随时关注后续动态。
262,收到相关反馈，我们正在加急处理，请稍候。
263,好的，没问题的，我们会尽快给您答复的。
264,好的，没问题的，我们会尽快给您答复的。
265,正在为您核实，由于咨询人数较多，请您稍后再来咨询。
266,您好，您的问题已收到，请您耐心等待处理结果，谢谢。
267,很抱歉给您带来不便，我们已记录您的反馈，祝您生活愉快。
268,感谢您的咨询，相关问题正在后台核实中，请随时关注后续动态。
269,收到相关反馈，我们正在加急处理，请稍候。
270,好的，没问题的，我们会尽快给您答复的。
271,您好，您的问题已收到，请您耐心等待处理结果，谢谢。
272,很抱歉给您带来不便，我们已记录您的反馈，祝您生活愉快。
273,正在为您核实，由于咨询人数较多，请您稍后再来咨询。
274,很抱歉给您带来不便，我们已记录您的反馈，祝您生活愉快。
275,感谢您的咨询，相关问题正在后台核实中，请随时关注后续动态。
276,感谢您的咨询，相关问题正在后台核实中，请随时关注后续动态。
277,好的，没问题的，我们会尽快给您答复的。
278,好的，没问题的，我们会尽快给您答复的。
279,好的，没问题的，我们会尽快给您答复的。
280,感谢您的咨询，相关问题正在后台核实中，请随时关注后续动态。
281,收到相关反馈，我们正在加急处理，请稍候。
282,正在为您核实，由于咨询人数较多，请您稍后再来咨询。
283,很抱歉给您带来不便，我们已记录您的反馈，祝您生活愉快。
284,感谢您的咨询，相关问题正在后台核实中，请随时关注后续动态。
285,正在为您核实，由于咨询人数较多，请您稍后再来咨询。
286,好的，没问题的，我们会尽快给您答复的。
287,好的，没问题的，我们会尽快给您答复的。
288,感谢您的咨询，相关问题正在后台核实中，请随时关注后续动态。
289,您好，您的问题已收到，请您耐心等待处理结果，谢谢。
290,感谢您的咨询，相关问题正在后台核实中，请随时关注后续动态。
291,正在为您核实，由于咨询人数较多，请您稍后再来咨询。
292,收到相关反馈，我们正在加急处理，请稍候。
293,正在为您核实，由于咨询人数较多，请您稍后再来咨询。
294,收到相关反馈，我们正在加急处理，请稍候。
295,正在为您核实，由于咨询人数较多，请您稍后再来咨询。
296,您好，您的问题已收到，请您耐心等待处理结果，谢谢。
297,您好，您的问题已收到，请您耐心等待处理结果，谢谢。
298,很抱歉给您带来不便，我们已记录您的反馈，祝您生活愉快。
299,好的，没问题的，我们会尽快给您答复的。
300,感谢您的咨询，相关问题正在后台核实中，请随时关注后续动态。
301,收到相关反馈，我们正在加急处理，请稍候。
302,正在为您核实，由于咨询人数较多，请您稍后再来咨询。
303,很抱歉给您带来不便，我们已记录您的反馈，祝您生活愉快。
304,收到相关反馈，我们正在加急处理，请稍候。
305,您好，您的问题已收到，请您耐心等待处理结果，谢谢。
306,收到相关反馈，我们正在加急处理，请稍候。
307,感谢您的咨询，相关问题正在后台核实中，请随时关注后续动态。
308,好的，没问题的，我们会尽快给您答复的。
309,收到相关反馈，我们正在加急处理，请稍候。
310,您好，您的问题已收到，请您耐心等待处理结果，谢谢。
311,收到相关反馈，我们正在加急处理，请稍候。
312,收到相关反馈，我们正在加急处理，请稍候。
313,您好，您的问题已收到，请您耐心等待处理结果，谢谢。
314,很抱歉给您带来不便，我们已记录您的反馈，祝您生活愉快。
315,正在为您核实，由于咨询人数较多，请您稍后再来咨询。
316,您好，您的问题已收到，请您耐心等待处理结果，谢谢。
317,正在为您核实，由于咨询人数较多，请您稍后再来咨询。
318,好的，没问题的，我们会尽快给您答复的。
319,您好，您的问题已收到，请您耐心等待处理结果，谢谢。
320,正在为您核实，由于咨询人数较多，请您稍后再来咨询。
321,收到相关反馈，我们正在加急处理，请稍候。
322,感谢您的咨询，相关问题正在后台核实中，请随时关注后续动态。
323,正在为您核实，由于咨询人数较多，请您稍后再来咨询。
324,好的，没问题的，我们会尽快给您答复的。
325,收到相关反馈，我们正在加急处理，请稍候。
326,您好，您的问题已收到，请您耐心等待处理结果，谢谢。
327,好的，没问题的，我们会尽快给您答复的。
328,很抱歉给您带来不便，我们已记录您的反馈，祝您生活愉快。
329,很抱歉给您带来不便，我们已记录您的反馈，祝您生活愉快。
330,感谢您的咨询，相关问题正在后台核实中，请随时关注后续动态。
331,正在为您核实，由于咨询人数较多，请您稍后再来咨询。
332,感谢您的咨询，相关问题正在后台核实中，请随时关注后续动态。
333,正在为您核实，由于咨询人数较多，请您稍后再来咨询。
334,正在为您核实，由于咨询人数较多，请您稍后再来咨询。
344,正在为您核实，由于咨询人数较多，请您稍后再来咨询。
345,您好，您的问题已收到，请您耐心等待处理结果，谢谢。
346,感谢您的咨询，相关问题正在后台核实中，请随时关注后续动态。
347,您好，您的问题已收到，请您耐心等待处理结果，谢谢。
348,好的，没问题的，我们会尽快给您答复的。
349,您好，您的问题已收到，请您耐心等待处理结果，谢谢。
350,您好，您的问题已收到，请您耐心等待处理结果，谢谢。
351,很抱歉给您带来不便，我们已记录您的反馈，祝您生活愉快。
352,收到相关反馈，我们正在加急处理，请稍候。
353,感谢您的咨询，相关问题正在后台核实中，请随时关注后续动态。
354,正在为您核实，由于咨询人数较多，请您稍后再来咨询。
355,收到相关反馈，我们正在加急处理，请稍候。
356,收到相关反馈，我们正在加急处理，请稍候。
357,您好，您的问题已收到，请您耐心等待处理结果，谢谢。
358,感谢您的咨询，相关问题正在后台核实中，请随时关注后续动态。
359,收到相关反馈，我们正在加急处理，请稍候。
360,正在为您核实，由于咨询人数较多，请您稍后再来咨询。
361,好的，没问题的，我们会尽快给您答复的。
362,您好，您的问题已收到，请您耐心等待处理结果，谢谢。
363,感谢您的咨询，相关问题正在后台核实中，请随时关注后续动态。
364,感谢您的咨询，相关问题正在后台核实中，请随时关注后续动态。
365,感谢您的咨询，相关问题正在后台核实中，请随时关注后续动态。
366,好的，没问题的，我们会尽快给您答复的。
367,好的，没问题的，我们会尽快给您答复的。
368,正在为您核实，由于咨询人数较多，请您稍后再来咨询。
369,好的，没问题的，我们会尽快给您答复的。
370,正在为您核实，由于咨询人数较多，请您稍后再来咨询。
371,感谢您的咨询，相关问题正在后台核实中，请随时关注后续动态。
372,好的，没问题的，我们会尽快给您答复的。
373,您好，您的问题已收到，请您耐心等待处理结果，谢谢。
374,好的，没问题的，我们会尽快给您答复的。
375,好的，没问题的，我们会尽快给您答复的。
376,收到相关反馈，我们正在加急处理，请稍候。
377,好的，没问题的，我们会尽快给您答复的。
378,好的，没问题的，我们会尽快给您答复的。
379,您好，您的问题已收到，请您耐心等待处理结果，谢谢。
380,好的，没问题的，我们会尽快给您答复的。
381,好的，没问题的，我们会尽快给您答复的。
382,感谢您的咨询，相关问题正在后台核实中，请随时关注后续动态。
383,很抱歉给您带来不便，我们已记录您的反馈，祝您生活愉快。
384,收到相关反馈，我们正在加急处理，请稍候。
385,您好，您的问题已收到，请您耐心等待处理结果，谢谢。
386,很抱歉给您带来不便，我们已记录您的反馈，祝您生活愉快。
387,感谢您的咨询，相关问题正在后台核实中，请随时关注后续动态。
388,正在为您核实，由于咨询人数较多，请您稍后再来咨询。
389,收到相关反馈，我们正在加急处理，请稍候。
390,您好，您的问题已收到，请您耐心等待处理结果，谢谢。
391,感谢您的咨询，相关问题正在后台核实中，请随时关注后续动态。
392,正在为您核实，由于咨询人数较多，请您稍后再来咨询。
393,很抱歉给您带来不便，我们已记录您的反馈，祝您生活愉快。
394,很抱歉给您带来不便，我们已记录您的反馈，祝您生活愉快。
395,感谢您的咨询，相关问题正在后台核实中，请随时关注后续动态。
396,收到相关反馈，我们正在加急处理，请稍候。
397,很抱歉给您带来不便，我们已记录您的反馈，祝您生活愉快。
398,很抱歉给您带来不便，我们已记录您的反馈，祝您生活愉快。
399,您好，您的问题已收到，请您耐心等待处理结果，谢谢。
400,好的，没问题的，我们会尽快给您答复的。
401,您好，您的问题已收到，请您耐心等待处理结果，谢谢。
402,正在为您核实，由于咨询人数较多，请您稍后再来咨询。
403,好的，没问题的，我们会尽快给您答复的。
404,收到相关反馈，我们正在加急处理，请稍候。
405,您好，您的问题已收到，请您耐心等待处理结果，谢谢。
406,您好，您的问题已收到，请您耐心等待处理结果，谢谢。
407,收到相关反馈，我们正在加急处理，请稍候。
408,好的，没问题的，我们会尽快给您答复的。
409,正在为您核实，由于咨询人数较多，请您稍后再来咨询。
410,收到相关反馈，我们正在加急处理，请稍候。
411,收到相关反馈，我们正在加急处理，请稍候。
412,很抱歉给您带来不便，我们已记录您的反馈，祝您生活愉快。
413,您好，您的问题已收到，请您耐心等待处理结果，谢谢。
414,好的，没问题的，我们会尽快给您答复的。
415,正在为您核实，由于咨询人数较多，请您稍后再来咨询。
416,收到相关反馈，我们正在加急处理，请稍候。
417,很抱歉给您带来不便，我们已记录您的反馈，祝您生活愉快。
418,正在为您核实，由于咨询人数较多，请您稍后再来咨询。
419,好的，没问题的，我们会尽快给您答复的。
420,好的，没问题的，我们会尽快给您答复的。
421,收到相关反馈，我们正在加急处理，请稍候。
422,很抱歉给您带来不便，我们已记录您的反馈，祝您生活愉快。
423,好的，没问题的，我们会尽快给您答复的。
424,您好，您的问题已收到，请您耐心等待处理结果，谢谢。
425,好的，没问题的，我们会尽快给您答复的。
426,您好，您的问题已收到，请您耐心等待处理结果，谢谢。
427,正在为您核实，由于咨询人数较多，请您稍后再来咨询。
428,收到相关反馈，我们正在加急处理，请稍候。
429,收到相关反馈，我们正在加急处理，请稍候。
430,正在为您核实，由于咨询人数较多，请您稍后再来咨询。
431,收到相关反馈，我们正在加急处理，请稍候。
432,好的，没问题的，我们会尽快给您答复的。
433,正在为您核实，由于咨询人数较多，请您稍后再来咨询。
434,正在为您核实，由于咨询人数较多，请您稍后再来咨询。
435,您好，您的问题已收到，请您耐心等待处理结果，谢谢。
436,正在为您核实，由于咨询人数较多，请您稍后再来咨询。
